player,pos,team,season,w1,w2,w3,w4,w5,w6,w7,w8,w9,w10,w11,w12,w13,w14,w15,w16,w17,w18,ttl,avg
Antonio Brown,WR,TB,2021,7,3,NA,11,8,13,NA,NA,NA,NA,NA,NA,NA,NA,NA,15,5,NA,62,8.9
Ronald Jones II,RB,TB,2021,0,3,0,0,1,1,0,1,NA,NA,0,0,1,0,2,3,1,NA,13,0.9
Leonard Fournette,RB,TB,2021,7,4,3,5,5,6,4,5,NA,9,6,8,8,7,7,NA,NA,NA,84,6
Chris Godwin,WR,TB,2021,13,5,7,5,11,5,11,12,NA,8,6,5,17,15,7,NA,NA,NA,127,9.1
Rob Gronkowski,TE,TB,2021,8,5,7,NA,NA,NA,NA,1,NA,NA,8,9,8,9,11,2,10,10,88,7.3
Mike Evans,WR,TB,2021,6,9,10,12,8,4,10,4,NA,3,11,6,10,6,1,NA,7,7,114,7.1
Tyler Johnson,WR,TB,2021,1,2,6,2,3,NA,2,6,NA,5,3,1,1,3,7,0,6,7,55,3.4
Giovani Bernard,RB,TB,2021,3,2,10,NA,2,2,3,1,NA,3,1,NA,2,NA,NA,NA,NA,NA,29,2.9
Jaydon Mickens,WR,JAC,2021,0,0,0,0,0,0,NA,NA,NA,NA,NA,0,2,1,0,0,NA,0,3,0.3
Tony Pollard,RB,DAL,2021,4,3,1,0,4,3,NA,1,2,7,2,4,4,NA,3,3,5,NA,46,3.1
Ezekiel Elliott,RB,DAL,2021,2,2,3,1,3,9,NA,6,3,3,6,8,3,6,4,1,2,3,65,3.8
Michael Gallup,WR,DAL,2021,7,NA,NA,NA,NA,NA,NA,NA,NA,5,10,8,9,9,5,5,4,NA,62,6.9
Blake Jarwin,TE,DAL,2021,3,4,2,3,0,2,NA,1,NA,NA,NA,NA,NA,NA,NA,NA,NA,2,17,2.1
CeeDee Lamb,WR,DAL,2021,15,9,3,5,6,11,NA,8,9,7,4,NA,13,10,9,5,4,2,120,7.5
Dalton Schultz,TE,DAL,2021,6,2,7,8,8,6,NA,7,5,2,8,7,5,3,8,9,10,3,104,6.1
Amari Cooper,WR,DAL,2021,17,5,4,3,6,8,NA,13,5,4,NA,NA,2,7,5,11,7,7,104,6.9
Cedrick Wilson Jr.,WR,DAL,2021,3,2,4,2,1,7,NA,3,5,NA,7,10,NA,2,NA,3,6,6,61,4.4
Corey Clement,RB,DAL,2021,0,NA,0,NA,NA,NA,NA,NA,0,1,0,NA,0,2,0,0,0,4,7,0.6
Sewo Olonilua,RB,DAL,2021,0,NA,NA,NA,NA,NA,NA,NA,NA,NA,NA,NA,NA,NA,NA,NA,NA,NA,0,0
Mekhi Sargent,RB,JAC,2021,0,NA,0,NA,0,NA,NA,NA,NA,NA,NA,NA,0,NA,NA,NA,NA,1,1,0.2
Derrick Henry,RB,TEN,2021,4,6,3,2,0,3,2,0,NA,NA,NA,NA,NA,NA,NA,NA,NA,NA,20,2.5
Jeremy McNichols,RB,TEN,2021,4,3,2,12,2,NA,1,3,3,3,NA,NA,NA,1,3,1,0,NA,38,2.9
Chester Rogers,WR,TEN,2021,6,5,2,6,1,1,NA,1,1,1,6,3,NA,1,4,1,2,2,43,2.7
Nick Westbrook-Ikhine,WR,TEN,2021,2,1,4,8,NA,3,NA,3,1,1,8,6,NA,3,7,3,2,5,57,3.8
Geoff Swaim,TE,TEN,2021,1,2,4,1,1,2,1,5,4,5,NA,1,NA,4,2,3,3,1,40,2.5
Julio Jones,WR,TEN,2021,6,8,4,NA,NA,5,4,NA,4,NA,NA,NA,NA,6,1,1,NA,9,48,4.8
Anthony Firkser,TE,TEN,2021,4,NA,NA,5,4,1,1,2,1,2,7,1,NA,5,2,1,3,4,43,2.9
A.J. Brown,WR,TEN,2021,8,9,2,NA,6,9,9,11,11,4,9,NA,NA,NA,NA,16,5,6,105,8.1
Khari Blasingame,RB,TEN,2021,0,NA,NA,NA,NA,0,NA,NA,NA,NA,NA,0,NA,NA,NA,1,NA,1,2,0.4
James Conner,RB,ARI,2021,0,0,1,2,1,1,0,0,5,4,6,NA,2,9,2,NA,NA,6,39,2.6
Chase Edmonds,RB,ARI,2021,4,5,8,5,4,4,3,4,0,NA,NA,NA,NA,NA,1,9,6,NA,53,4.4
Demetrius Harris,TE,ARI,2021,3,0,0,0,NA,0,0,0,NA,NA,NA,NA,2,NA,0,1,NA,NA,6,0.6
A.J. Green,WR,ARI,2021,6,6,6,6,2,6,3,8,NA,5,7,NA,1,10,8,3,6,9,92,5.8
Christian Kirk,WR,ARI,2021,5,4,8,1,5,8,5,6,6,8,5,NA,3,6,12,9,9,3,103,6.1
Maxx Williams,TE,ARI,2021,1,7,3,5,1,NA,NA,NA,NA,NA,NA,NA,NA,NA,NA,NA,NA,NA,17,3.4
Rondale Moore,WR,ARI,2021,5,8,2,3,6,4,3,4,5,4,11,NA,2,4,3,NA,NA,NA,64,4.6
DeAndre Hopkins,WR,ARI,2021,8,4,6,7,9,4,9,2,NA,NA,NA,NA,2,13,NA,NA,NA,NA,64,6.4
Darrell Daniels,TE,ARI,2021,0,0,0,NA,NA,1,NA,0,2,0,1,NA,NA,NA,NA,NA,0,0,4,0.4
Jonathan Ward,RB,ARI,2021,0,NA,NA,NA,0,0,0,0,NA,NA,NA,NA,NA,NA,2,0,1,1,4,0.4
David Johnson,RB,HOU,2021,4,2,0,4,6,2,6,1,5,NA,4,3,NA,NA,1,NA,NA,4,42,3.2
Phillip Lindsay,RB,MIA,2021,1,1,0,0,0,2,0,0,0,NA,0,0,NA,NA,NA,0,1,0,5,0.4
Mark Ingram II,RB,NO,2021,1,2,1,0,0,2,3,2,5,7,8,NA,2,NA,2,0,NA,NA,35,2.5
Chris Conley,WR,HOU,2021,2,2,1,1,4,2,NA,2,3,NA,5,NA,4,2,4,3,2,NA,37,2.6
Pharaoh Brown,TE,HOU,2021,5,1,0,2,4,3,3,NA,NA,NA,4,1,5,NA,2,3,1,NA,34,2.6
Danny Amendola,WR,HOU,2021,5,1,NA,NA,NA,NA,5,5,7,NA,1,5,NA,NA,NA,NA,NA,9,38,4.8
Rex Burkhead,RB,HOU,2021,2,NA,1,0,NA,1,0,4,0,NA,0,3,2,4,3,2,6,4,32,2.1
Jordan Akins,TE,HOU,2021,2,2,5,1,2,6,2,5,3,NA,NA,NA,NA,1,3,1,NA,NA,33,2.8
Nico Collins,WR,HOU,2021,3,1,NA,NA,NA,6,5,4,3,NA,2,5,1,10,4,4,5,7,60,4.3
Brandin Cooks,WR,HOU,2021,7,14,11,7,5,13,7,6,14,NA,3,5,6,11,10,NA,11,4,134,8.4
Andre Roberts,WR,LAC,2021,0,2,0,0,0,0,NA,0,0,0,0,0,0,0,0,NA,0,0,2,0.1
Laviska Shenault Jr.,WR,JAC,2021,10,7,4,7,3,10,NA,4,4,8,5,9,5,7,7,NA,3,7,100,6.3
Carlos Hyde,RB,JAC,2021,2,2,0,NA,0,1,NA,8,2,2,1,1,1,2,NA,NA,NA,NA,22,1.8
James Robinson,RB,JAC,2021,6,3,6,2,1,4,NA,2,NA,5,3,4,4,0,6,0,NA,NA,46,3.3
DJ Chark Jr.,WR,JAC,2021,12,4,6,NA,NA,NA,NA,NA,NA,NA,NA,NA,NA,NA,NA,NA,NA,NA,22,7.3
Devin Smith,WR,JAC,2021,1,NA,NA,NA,NA,NA,NA,NA,NA,NA,NA,NA,NA,NA,NA,NA,NA,NA,1,1
James O'Shaughnessy,TE,JAC,2021,8,1,NA,NA,NA,NA,NA,NA,NA,NA,NA,5,6,6,4,4,NA,NA,34,4.9
Chris Manhertz,TE,JAC,2021,1,1,0,1,NA,1,NA,NA,1,0,NA,2,NA,NA,1,NA,1,NA,9,0.9
Tyron Johnson,WR,LV,2021,1,1,NA,1,NA,NA,NA,2,NA,NA,NA,NA,NA,0,NA,NA,0,0,5,0.7
Marvin Jones Jr.,WR,JAC,2021,9,11,8,3,6,10,NA,8,5,6,6,7,3,7,4,13,6,8,120,7.1
Jamal Agnew,WR,JAC,2021,0,0,0,1,7,6,NA,12,5,5,3,NA,NA,NA,NA,0,0,NA,39,3.3
Dare Ogunbowale,RB,JAC,2021,0,NA,NA,0,1,0,NA,1,1,NA,NA,1,0,3,2,4,2,6,21,1.6
Ja'Marr Chase,WR,CIN,2021,7,4,5,9,10,6,10,9,13,NA,6,3,8,8,4,10,12,4,128,7.5
Joe Mixon,RB,CIN,2021,4,2,1,2,1,6,0,5,5,NA,0,4,1,2,1,6,8,NA,48,3
Samaje Perine,RB,CIN,2021,1,1,1,1,5,NA,1,2,3,NA,3,1,2,5,2,2,1,NA,31,2.1
Tee Higgins,WR,CIN,2021,5,10,NA,NA,7,6,15,6,8,NA,3,8,14,7,3,13,5,NA,110,7.9
C.J. Uzomah,TE,CIN,2021,2,2,1,6,2,3,3,4,5,NA,3,3,6,6,4,7,6,NA,63,3.9
Tyler Boyd,WR,CIN,2021,4,9,6,11,5,3,7,8,2,NA,8,2,7,5,6,5,6,NA,94,5.9
Mike Thomas,WR,CIN,2021,3,NA,1,1,NA,NA,NA,NA,1,NA,1,1,NA,NA,NA,NA,NA,3,11,1.6
Ameer Abdullah,RB,CAR,2021,2,1,0,1,0,0,0,5,5,4,0,6,NA,4,4,6,4,11,53,3.1
Alexander Mattison,RB,MIN,2021,1,1,8,0,7,0,NA,2,1,1,1,3,3,1,NA,4,5,1,39,2.4
Dalvin Cook,RB,MIN,2021,7,3,NA,6,NA,2,NA,2,3,5,4,7,NA,3,3,NA,3,1,49,3.8
C.J. Ham,RB,MIN,2021,2,NA,0,0,1,0,NA,3,1,3,0,1,1,NA,1,2,2,1,18,1.2
Chris Herndon IV,TE,MIN,2021,2,NA,NA,NA,0,1,NA,1,NA,2,NA,NA,NA,1,NA,NA,NA,NA,7,1.2
Tyler Conklin,TE,MIN,2021,4,4,8,6,3,5,NA,7,7,5,3,3,9,2,3,5,9,4,87,5.1
Adam Thielen,WR,MIN,2021,10,7,9,8,3,13,NA,9,7,7,10,7,2,NA,NA,3,NA,NA,95,7.3
K.J. Osborn,WR,MIN,2021,9,6,2,7,4,7,NA,3,2,1,4,2,7,9,3,7,5,4,82,4.8
Justin Jefferson,WR,MIN,2021,9,10,11,7,8,14,NA,4,5,11,10,9,14,15,10,12,11,7,167,9.8
Dede Westbrook,WR,MIN,2021,1,0,0,1,4,3,NA,NA,1,0,2,0,2,0,NA,0,1,0,15,1
Ihmir Smith-Marsette,WR,MIN,2021,0,0,0,NA,NA,NA,NA,1,NA,NA,NA,NA,NA,NA,2,NA,NA,3,6,1
Nyheim Hines,RB,IND,2021,8,2,6,2,1,2,3,5,6,4,0,4,4,NA,2,1,4,3,57,3.4
Jonathan Taylor,RB,IND,2021,7,1,1,3,4,2,3,4,2,8,3,5,0,NA,0,2,2,4,51,3
Mike Strachan,WR,IND,2021,2,1,NA,NA,NA,NA,NA,NA,NA,NA,NA,NA,NA,NA,NA,NA,NA,NA,3,1.5
Michael Pittman Jr.,WR,IND,2021,4,12,12,8,7,3,4,15,6,5,5,10,8,NA,5,12,6,7,129,7.6
Parris Campbell,WR,IND,2021,3,NA,4,3,6,1,NA,NA,NA,NA,NA,NA,NA,NA,NA,NA,NA,3,20,3.3
Jack Doyle,TE,IND,2021,4,8,2,1,1,1,1,2,2,5,5,7,1,NA,1,NA,NA,2,43,2.9
Mo Alie-Cox,TE,IND,2021,2,2,2,5,4,3,3,4,1,2,1,2,1,NA,1,4,5,3,45,2.6
Zach Pascal,WR,IND,2021,5,6,7,5,5,1,6,8,7,2,1,7,3,NA,2,NA,2,2,69,4.3
Ashton Dulin,WR,IND,2021,0,2,0,1,2,1,4,4,2,1,0,1,1,NA,0,2,1,NA,22,1.4
Chris Carson,RB,SEA,2021,3,0,2,1,NA,NA,NA,NA,NA,NA,NA,NA,NA,NA,NA,NA,NA,NA,6,1.5
Rashaad Penny,RB,SEA,2021,0,NA,NA,NA,NA,NA,0,0,NA,NA,0,NA,1,1,2,1,3,0,8,0.8
Freddie Swain,WR,SEA,2021,1,5,2,4,3,3,6,0,NA,3,1,2,3,1,1,2,2,1,40,2.4
Dee Eskridge,WR,SEA,2021,1,NA,NA,NA,NA,NA,NA,NA,NA,2,NA,3,3,1,4,3,3,NA,20,2.5
DeeJay Dallas,RB,SEA,2021,1,0,0,0,2,5,0,0,NA,0,2,5,0,0,4,4,0,0,23,1.4
Gerald Everett,TE,SEA,2021,2,2,5,NA,NA,3,3,2,NA,8,4,9,6,2,4,5,5,3,63,4.2
DK Metcalf,WR,SEA,2021,5,11,9,8,5,7,5,6,NA,8,8,4,8,8,12,5,9,11,129,7.6
Will Dissly,TE,SEA,2021,3,NA,1,2,4,2,NA,0,NA,2,3,2,2,3,1,NA,1,NA,26,2
Tyler Lockett,WR,SEA,2021,5,11,4,5,10,7,3,13,NA,8,5,5,8,9,NA,6,3,5,107,6.7
Travis Homer,RB,SEA,2021,0,2,3,0,1,1,0,1,NA,4,0,NA,5,NA,NA,0,0,3,20,1.4
Penny Hart,WR,SEA,2021,0,NA,2,NA,2,1,1,0,NA,2,1,NA,1,1,NA,0,1,NA,12,1
Matt Breida,RB,BUF,2021,0,NA,NA,NA,NA,NA,NA,NA,NA,3,2,2,1,1,0,NA,NA,NA,9,1.3
Devin Singletary,RB,BUF,2021,5,3,2,1,2,5,NA,1,8,1,4,1,0,7,1,6,1,2,50,2.9
Isaiah McKenzie,WR,BUF,2021,0,2,0,0,0,1,NA,0,2,3,0,NA,NA,1,2,12,2,1,26,1.7
Dawson Knox,TE,BUF,2021,4,3,5,8,4,3,NA,NA,NA,1,10,3,6,9,5,3,2,5,71,4.7
Cole Beasley,WR,BUF,2021,13,4,13,2,2,9,NA,13,11,2,5,5,3,11,8,NA,6,5,112,7
Gabe Davis,WR,BUF,2021,5,NA,1,1,1,2,NA,5,2,3,4,3,4,8,7,NA,3,14,63,4.2
Emmanuel Sanders,WR,BUF,2021,8,6,6,6,5,8,NA,4,8,2,5,3,6,1,NA,4,NA,NA,72,5.1
Stefon Diggs,WR,BUF,2021,13,8,10,11,5,11,NA,7,8,13,6,9,7,13,7,13,9,14,164,9.6
Najee Harris,RB,PIT,2021,3,5,19,7,5,7,NA,3,3,4,6,5,5,3,5,7,3,4,94,5.5
Chase Claypool,WR,PIT,2021,5,9,15,NA,6,7,NA,5,5,NA,9,8,3,9,2,6,9,7,105,7
Pat Freiermuth,TE,PIT,2021,1,4,5,1,2,7,NA,7,6,9,7,4,4,3,4,NA,6,9,79,4.9
Zach Gentry,TE,PIT,2021,1,NA,NA,1,2,NA,NA,5,NA,NA,NA,2,2,NA,1,4,2,5,25,2.5
Diontae Johnson,WR,PIT,2021,10,12,NA,13,2,13,NA,13,6,13,13,14,11,10,5,9,15,10,169,10.6
JuJu Smith-Schuster,WR,PIT,2021,8,7,4,8,1,NA,NA,NA,NA,NA,NA,NA,NA,NA,NA,NA,NA,NA,28,5.6
James Washington,WR,PIT,2021,2,1,5,5,NA,1,NA,1,3,6,3,2,1,6,5,2,1,NA,44,2.9
Eric Ebron,TE,PIT,2021,2,2,3,2,2,2,NA,NA,NA,2,3,NA,NA,NA,NA,NA,NA,NA,18,2.3
Ray-Ray McCloud III,WR,PIT,2021,0,0,4,1,2,2,NA,0,1,12,2,NA,4,8,3,8,10,9,66,4.1
Derek Watt,RB,PIT,2021,0,NA,1,0,0,0,NA,NA,1,1,NA,0,0,0,NA,NA,0,NA,3,0.3
Benny Snell Jr.,RB,PIT,2021,0,0,NA,1,1,0,NA,1,0,0,0,0,0,0,0,1,0,0,4,0.3
Kalif Raymond,WR,DET,2021,4,2,10,6,2,7,8,1,NA,6,1,4,2,5,3,5,NA,5,71,4.4
D'Andre Swift,RB,DET,2021,11,5,7,6,6,7,10,5,NA,6,4,3,NA,NA,NA,NA,3,5,78,6
Jamaal Williams,RB,DET,2021,9,3,2,0,2,2,0,NA,NA,NA,0,5,1,NA,NA,0,3,1,28,2.2
Amon-Ra St. Brown,WR,DET,2021,4,5,1,8,8,7,NA,5,NA,6,4,4,12,12,11,11,11,10,119,7.4
Trinity Benson,WR,DET,2021,6,3,1,3,2,NA,NA,NA,NA,3,NA,NA,NA,NA,NA,NA,4,NA,22,3.1
Quintez Cephus,WR,DET,2021,6,7,1,5,3,NA,NA,NA,NA,NA,NA,NA,NA,NA,NA,NA,NA,NA,22,4.4
Darren Fells,TE,DET,2021,1,NA,3,NA,NA,NA,1,NA,NA,NA,NA,NA,NA,NA,NA,NA,NA,NA,5,1.7
T.J. Hockenson,TE,DET,2021,11,9,2,8,3,11,9,11,NA,1,8,3,8,NA,NA,NA,NA,NA,84,7
Tyrell Williams,WR,DET,2021,3,NA,NA,NA,NA,NA,NA,NA,NA,NA,NA,NA,NA,NA,NA,NA,NA,NA,3,3
Godwin Igwebuike,RB,DET,2021,0,0,NA,NA,0,0,0,3,NA,0,1,1,2,0,2,0,0,1,10,0.7
JaMycal Hasty,RB,SF,2021,1,5,NA,NA,NA,NA,6,2,4,NA,NA,NA,0,3,1,3,1,3,29,2.6
Elijah Mitchell,RB,SF,2021,0,2,NA,NA,2,NA,0,0,5,0,NA,6,3,0,NA,NA,2,0,20,1.7
Raheem Mostert,RB,SF,2021,0,NA,NA,NA,NA,NA,NA,NA,NA,NA,NA,NA,NA,NA,NA,NA,NA,NA,0,0
George Kittle,TE,SF,2021,5,4,9,10,NA,NA,NA,NA,8,7,4,2,12,15,6,3,2,7,94,6.7
Trent Sherfield,WR,SF,2021,3,3,NA,2,NA,NA,2,NA,NA,NA,0,1,5,0,1,0,2,1,20,1.7
Deebo Samuel,WR,SF,2021,12,8,10,13,9,NA,11,9,9,5,2,4,NA,1,5,11,6,6,121,7.6
Kyle Juszczyk,RB,SF,2021,1,3,4,4,4,NA,NA,2,2,1,2,2,3,2,1,5,2,NA,38,2.5
Mohamed Sanu Sr.,WR,SF,2021,1,1,6,5,3,NA,1,4,3,NA,NA,NA,NA,NA,NA,NA,NA,NA,24,3
Brandon Aiyuk,WR,SF,2021,0,2,6,3,4,NA,1,7,8,4,7,6,6,10,2,5,6,7,84,4.9
Jaret Patterson,RB,WAS,2021,1,NA,NA,1,0,1,NA,1,NA,0,0,0,0,1,0,0,5,2,12,0.9
Antonio Gibson,RB,WAS,2021,5,2,2,2,2,3,2,3,NA,2,0,7,6,2,7,4,NA,3,52,3.3
J.D. McKissic,RB,WAS,2021,1,6,2,5,4,10,6,8,NA,4,2,5,NA,NA,NA,NA,NA,NA,53,4.8
Logan Thomas,TE,WAS,2021,3,7,4,NA,NA,NA,NA,NA,NA,NA,NA,6,5,NA,NA,NA,NA,NA,25,5
Adam Humphries,WR,WAS,2021,2,8,4,1,5,2,4,3,NA,1,2,2,5,7,6,6,2,2,62,3.6
Cam Sims,WR,WAS,2021,1,NA,2,0,NA,NA,NA,2,NA,2,2,0,NA,4,1,3,5,1,23,1.9
Dyami Brown,WR,WAS,2021,4,6,2,2,NA,6,NA,NA,NA,NA,NA,NA,1,1,0,2,1,NA,25,2.5
Terry McLaurin,WR,WAS,2021,4,14,7,13,11,8,12,7,NA,8,7,7,5,3,4,6,8,6,130,7.6
DeAndre Carter,WR,WAS,2021,0,0,0,1,8,1,1,6,NA,6,3,5,1,6,3,2,0,1,44,2.6
Austin Ekeler,RB,LAC,2021,0,9,6,5,5,7,NA,10,3,6,7,8,5,4,4,NA,3,12,94,5.9
Justin Jackson,RB,LAC,2021,1,1,0,4,NA,1,NA,0,NA,NA,1,0,2,1,1,9,3,1,25,1.8
Gabe Nabers,RB,LAC,2021,0,0,2,0,NA,1,NA,NA,NA,NA,NA,NA,NA,NA,0,NA,0,NA,3,0.4
Larry Rountree III,RB,LAC,2021,0,1,1,0,0,NA,NA,0,0,0,0,NA,NA,NA,0,NA,NA,NA,2,0.2
Jared Cook,TE,LAC,2021,8,5,3,7,3,7,NA,5,4,3,5,5,4,5,7,5,NA,7,83,5.2
Stephen Anderson,TE,LAC,2021,2,2,NA,1,1,2,NA,0,4,0,NA,2,0,1,1,2,1,NA,19,1.4
Jalen Guyton,WR,LAC,2021,5,2,1,2,3,5,NA,2,2,1,2,3,4,3,2,NA,2,9,48,3
Keenan Allen,WR,LAC,2021,13,8,12,11,9,5,NA,11,13,11,13,10,8,NA,10,6,9,8,157,9.8
Joshua Palmer,WR,LAC,2021,1,2,NA,NA,3,4,NA,1,2,4,1,2,1,7,1,6,5,9,49,3.3
KJ Hill Jr.,WR,LAC,2021,3,0,0,0,0,0,NA,NA,NA,NA,NA,NA,NA,NA,NA,NA,NA,NA,3,0.5
Donald Parham Jr.,TE,LAC,2021,1,0,1,3,2,2,NA,0,3,2,5,1,4,2,1,NA,NA,NA,27,1.9
Mike Williams,WR,LAC,2021,12,10,9,4,16,5,NA,5,5,6,6,8,7,6,9,NA,4,17,129,8.1
DJ Moore,WR,CAR,2021,8,11,12,12,7,13,10,8,7,7,7,10,NA,10,11,12,8,10,163,9.6
Christian McCaffrey,RB,CAR,2021,9,6,2,NA,NA,NA,NA,NA,5,10,8,1,NA,NA,NA,NA,NA,NA,41,5.9
Ian Thomas,TE,CAR,2021,2,2,NA,3,5,2,2,1,2,NA,1,3,NA,2,1,1,3,NA,30,2.1
Terrace Marshall Jr.,WR,CAR,2021,6,3,5,3,3,2,NA,NA,1,2,1,NA,NA,NA,1,1,2,NA,30,2.5
Robbie Anderson,WR,CAR,2021,3,6,2,11,7,11,9,1,3,6,6,4,NA,12,8,10,2,9,110,6.5
Chuba Hubbard,RB,CAR,2021,2,1,5,2,6,3,5,2,2,0,NA,1,NA,0,1,1,4,2,37,2.3
Dan Arnold,TE,JAC,2021,3,4,4,2,8,5,NA,10,7,8,0,1,NA,NA,NA,NA,NA,NA,52,4.7
Alex Erickson,WR,CAR,2021,0,0,1,0,0,1,0,0,0,0,0,1,NA,0,0,1,0,0,4,0.2
Tommy Tremble,TE,CAR,2021,0,NA,1,1,4,2,2,4,2,1,2,3,NA,2,4,2,NA,5,35,2.3
Michael Carter,RB,NYJ,2021,2,3,3,3,3,NA,9,14,2,6,1,NA,NA,NA,2,3,1,3,55,3.9
Ty Johnson,RB,NYJ,2021,3,0,5,2,3,NA,7,6,3,8,1,1,4,7,NA,NA,4,1,55,3.7
Tevin Coleman,RB,NYJ,2021,0,0,NA,2,1,NA,NA,NA,NA,3,1,3,4,NA,0,1,NA,1,16,1.5
Tyler Kroft,TE,NYJ,2021,5,2,2,1,NA,NA,NA,2,3,NA,NA,NA,NA,NA,2,5,NA,3,25,2.8
Elijah Moore,WR,NYJ,2021,4,8,6,NA,2,NA,6,6,8,6,11,8,12,NA,NA,NA,NA,NA,77,7
Ryan Griffin,TE,NYJ,2021,6,2,1,4,2,NA,2,1,7,2,4,4,2,3,2,NA,NA,NA,42,3
Denzel Mims,WR,NYJ,2021,1,NA,NA,NA,3,NA,2,3,5,NA,NA,NA,1,1,3,2,NA,2,23,2.3
Corey Davis,WR,NYJ,2021,7,5,10,7,7,NA,6,NA,NA,7,7,NA,3,NA,NA,NA,NA,NA,59,6.6
Braxton Berrios,WR,NYJ,2021,7,11,3,1,1,NA,0,2,3,3,1,3,1,10,1,6,12,NA,65,4.1
Jeff Smith,WR,NYJ,2021,1,2,1,NA,NA,NA,NA,1,4,NA,NA,NA,0,NA,NA,1,4,3,17,1.9
Daniel Brown,TE,NYJ,2021,0,NA,NA,NA,NA,NA,NA,NA,NA,NA,NA,NA,NA,0,NA,NA,2,NA,2,0.7
Justin Hardee,WR,NYJ,2021,0,NA,0,0,0,NA,NA,0,0,NA,0,NA,0,0,NA,NA,0,0,0,0
Cordarrelle Patterson,RB,ATL,2021,2,7,7,6,9,NA,5,5,6,2,NA,3,5,5,2,2,2,1,69,4.3
Mike Davis,RB,ATL,2021,6,7,4,2,5,NA,0,6,2,1,4,4,4,6,1,1,2,3,58,3.4
Keith Smith,RB,ATL,2021,3,1,0,0,0,NA,1,NA,NA,0,1,2,1,NA,NA,0,0,1,10,0.8
Hayden Hurst,TE,ATL,2021,4,1,1,4,5,NA,4,3,3,NA,NA,NA,NA,1,2,2,NA,1,31,2.6
Kyle Pitts,TE,ATL,2021,8,6,3,9,10,NA,8,6,7,7,5,6,7,6,7,6,4,5,110,6.5
Calvin Ridley,WR,ATL,2021,8,10,11,13,NA,NA,10,NA,NA,NA,NA,NA,NA,NA,NA,NA,NA,NA,52,10.4
Russell Gage,WR,ATL,2021,2,7,NA,NA,NA,NA,6,NA,8,3,8,7,12,6,12,5,5,13,94,7.2
Avery Williams,RB,ATL,2021,0,0,0,0,NA,NA,NA,0,0,0,0,0,0,0,0,0,0,0,0,0
Kenneth Gainwell,RB,PHI,2021,3,3,4,8,3,2,8,0,0,1,NA,4,5,NA,1,1,0,7,50,3.1
Miles Sanders,RB,PHI,2021,5,2,4,3,5,4,1,NA,NA,NA,1,1,3,NA,2,3,NA,NA,34,2.8
Zach Ertz,TE,ARI,2021,2,2,7,8,6,6,5,4,5,6,9,NA,2,7,11,13,9,10,112,6.6
DeVonta Smith,WR,PHI,2021,8,7,6,10,9,4,9,3,6,6,6,4,4,NA,5,7,6,4,104,6.1
Jalen Reagor,WR,PHI,2021,6,5,8,1,5,3,2,2,1,2,3,7,1,NA,3,4,1,3,57,3.4
Quez Watkins,WR,PHI,2021,3,2,2,7,3,5,4,2,3,6,1,5,3,NA,2,3,4,7,62,3.6
Dallas Goedert,TE,PHI,2021,5,2,4,5,3,NA,5,7,6,2,8,3,6,NA,9,4,7,NA,76,5.1
Boston Scott,RB,PHI,2021,0,NA,2,NA,NA,NA,2,1,0,2,2,3,0,NA,NA,0,4,NA,16,1.5
J.J. Arcega-Whiteside,WR,PHI,2021,0,NA,NA,0,NA,NA,0,NA,NA,NA,1,1,NA,NA,NA,0,NA,3,5,0.7
Clyde Edwards-Helaire,RB,KC,2021,3,0,2,3,2,NA,NA,NA,NA,NA,2,NA,3,3,4,1,NA,NA,23,2.3
Darrel Williams,RB,KC,2021,0,0,3,2,5,4,4,6,4,9,3,NA,3,3,1,3,3,4,57,3.4
Blake Bell,TE,KC,2021,1,1,1,NA,1,NA,NA,2,1,0,1,NA,NA,NA,1,1,3,0,13,1.1
Michael Burton,RB,KC,2021,0,1,NA,0,0,0,NA,NA,NA,NA,NA,NA,0,0,2,0,0,NA,3,0.3
Tyreek Hill,WR,KC,2021,15,4,7,12,13,12,9,18,11,10,11,NA,5,4,13,2,10,3,159,9.4
Mecole Hardman,WR,KC,2021,3,8,4,3,12,5,5,7,6,3,3,NA,1,2,4,5,1,11,83,4.9
Demarcus Robinson,WR,KC,2021,2,4,2,NA,2,6,4,1,1,4,0,NA,2,NA,3,2,2,6,41,2.7
Byron Pringle,WR,KC,2021,2,2,6,2,2,3,6,2,NA,5,2,NA,4,1,4,7,4,8,60,3.8
Travis Kelce,TE,KC,2021,7,8,11,6,10,11,12,6,8,10,8,NA,8,4,13,NA,7,5,134,8.4
Marcus Kemp,WR,KC,2021,0,NA,1,0,0,0,1,0,NA,1,NA,NA,1,0,NA,0,1,NA,5,0.4
Nick Chubb,RB,CLE,2021,2,1,0,1,1,NA,NA,1,2,NA,2,4,NA,4,1,4,1,1,25,1.8
Anthony Schwartz,WR,CLE,2021,5,1,1,1,1,3,3,0,1,1,NA,NA,NA,NA,NA,1,2,3,23,1.8
Kareem Hunt,RB,CLE,2021,3,1,7,4,6,3,NA,NA,NA,NA,NA,1,NA,2,NA,NA,NA,NA,27,3.4
Jarvis Landry,WR,CLE,2021,5,1,NA,NA,NA,NA,8,10,5,5,8,10,NA,10,NA,7,10,8,87,7.3
David Njoku,TE,CLE,2021,5,3,NA,2,7,2,2,3,3,4,4,5,NA,NA,5,2,4,2,53,3.5
Andy Janovich,RB,CLE,2021,1,0,NA,0,NA,NA,NA,NA,0,NA,NA,NA,NA,1,NA,2,NA,NA,4,0.7
Austin Hooper,TE,CLE,2021,3,5,3,5,0,3,3,6,2,5,7,3,NA,6,NA,5,5,NA,61,4.1
Harrison Bryant,TE,CLE,2021,2,4,2,2,0,NA,2,2,2,2,0,3,NA,NA,2,1,1,3,28,1.9
Donovan Peoples-Jones,WR,CLE,2021,1,1,2,0,6,5,NA,NA,3,5,NA,5,NA,7,8,6,5,4,58,4.1
Demetric Felton Jr.,RB,CLE,2021,0,2,3,2,0,2,3,1,1,NA,0,1,NA,0,4,0,NA,2,21,1.4
Tony Jones Jr.,RB,NO,2021,1,0,2,3,NA,NA,NA,NA,NA,NA,0,0,NA,1,NA,0,0,1,8,0.8
Alvin Kamara,RB,NO,2021,4,6,4,0,8,NA,11,4,7,NA,NA,NA,NA,5,6,4,6,2,67,5.2
Taysom Hill,TE,NO,2021,0,0,0,2,2,NA,NA,NA,0,2,NA,NA,0,0,0,NA,0,0,6,0.5
Juwan Johnson,TE,NO,2021,3,3,1,3,1,NA,1,1,NA,3,NA,NA,1,1,0,NA,2,2,22,1.7
Deonte Harty,WR,NO,2021,2,2,3,8,1,NA,NA,7,8,4,5,5,8,NA,NA,NA,2,4,59,4.5
Marquez Callaway,WR,NO,2021,2,4,5,2,8,NA,7,5,6,4,4,4,4,4,9,5,10,1,84,4.9
Chris Hogan,WR,NO,2021,1,3,1,2,1,NA,NA,NA,NA,NA,NA,NA,NA,NA,NA,NA,NA,NA,8,1.6
Ty Montgomery,RB,NO,2021,1,1,0,3,0,NA,1,2,NA,0,NA,7,7,NA,2,0,0,2,26,1.9
Adam Trautman,TE,NO,2021,6,NA,1,1,2,NA,3,6,7,6,8,NA,NA,NA,2,NA,NA,1,43,3.9
Kylin Hill,RB,GB,2021,0,0,0,0,1,0,1,0,NA,NA,NA,NA,NA,NA,NA,NA,NA,NA,2,0.3
Randall Cobb,WR,GB,2021,1,3,1,6,3,NA,4,5,5,4,2,5,NA,NA,NA,NA,NA,NA,39,3.5
Aaron Jones,RB,GB,2021,2,6,2,4,5,4,5,11,2,6,NA,1,NA,3,2,6,6,NA,65,4.3
AJ Dillon,RB,GB,2021,2,1,2,1,4,0,2,0,4,2,6,5,NA,0,1,3,3,1,37,2.2
Malik Taylor,WR,GB,2021,3,NA,NA,NA,0,NA,NA,0,0,0,NA,NA,NA,0,0,NA,NA,NA,3,0.4
Robert Tonyan,TE,GB,2021,4,3,1,7,2,3,5,4,NA,NA,NA,NA,NA,NA,NA,NA,NA,NA,29,3.6
Marcedes Lewis,TE,GB,2021,1,NA,NA,2,2,2,3,1,1,2,NA,3,NA,4,3,3,NA,1,28,2.2
Allen Lazard,WR,GB,2021,4,NA,1,3,2,5,6,NA,1,4,NA,6,NA,7,4,5,6,6,60,4.3
Marquez Valdes-Scantling,WR,GB,2021,8,4,4,NA,NA,NA,NA,NA,2,2,10,9,NA,5,7,NA,3,1,55,5
Amari Rodgers,WR,GB,2021,1,0,0,0,0,1,0,3,0,0,0,0,NA,0,0,0,NA,3,8,0.5
Davante Adams,WR,GB,2021,7,9,18,11,16,5,7,NA,14,11,8,9,NA,13,7,13,14,7,169,10.6
Dominique Dafney,TE,GB,2021,0,NA,NA,NA,NA,NA,NA,NA,1,NA,1,0,NA,NA,NA,NA,1,1,4,0.7
Devontae Booker,RB,NYG,2021,1,1,NA,1,4,4,3,6,3,NA,1,1,4,5,2,4,3,2,45,2.8
Saquon Barkley,RB,NYG,2021,3,3,7,6,1,0,NA,NA,NA,NA,6,5,9,3,8,1,1,4,57,4.1
Darius Slayton,WR,NYG,2021,7,6,1,NA,NA,NA,9,2,1,NA,7,4,7,3,3,5,NA,3,58,4.5
Elijhaa Penny,RB,NYG,2021,1,0,0,NA,0,2,0,1,2,NA,NA,0,NA,1,0,4,NA,2,13,1
Kadarius Toney,WR,NYG,2021,2,NA,3,9,13,3,NA,5,1,NA,12,NA,NA,NA,NA,9,NA,NA,57,6.3
Sterling Shepard,WR,NYG,2021,9,10,3,NA,NA,14,NA,7,NA,NA,NA,NA,NA,4,6,NA,NA,NA,53,7.6
C.J. Board,WR,NYG,2021,1,0,2,0,3,0,NA,NA,NA,NA,NA,NA,NA,NA,NA,NA,NA,NA,6,1
Kyle Rudolph,TE,NYG,2021,5,2,NA,3,1,2,2,3,5,NA,1,NA,4,2,1,1,1,6,39,2.6
Gary Brightwell,RB,NYG,2021,1,0,0,0,NA,0,NA,NA,NA,NA,0,0,NA,NA,NA,NA,NA,NA,1,0.1
Kenny Golladay,WR,NYG,2021,6,8,5,7,3,NA,NA,NA,3,NA,2,7,5,8,8,8,1,5,76,5.4
Kaden Smith,TE,NYG,2021,0,2,1,NA,0,NA,NA,NA,NA,NA,NA,NA,NA,NA,NA,NA,NA,NA,3,0.8
Melvin Gordon III,RB,DEN,2021,3,2,2,4,2,3,3,3,2,4,NA,2,NA,0,1,1,4,2,38,2.4
Javonte Williams,RB,DEN,2021,1,1,4,3,3,3,7,4,0,3,NA,4,9,2,4,2,1,2,53,3.1
Albert Okwuegbunam,TE,DEN,2021,3,4,1,2,NA,NA,NA,3,5,3,NA,2,4,5,4,2,2,0,40,2.9
KJ Hamler,WR,DEN,2021,4,3,3,NA,NA,NA,NA,NA,NA,NA,NA,NA,NA,NA,NA,NA,NA,NA,10,3.3
Courtland Sutton,WR,DEN,2021,3,12,5,8,11,14,5,4,2,3,NA,3,6,2,7,5,5,3,98,5.8
Noah Fant,TE,DEN,2021,8,6,3,10,4,11,7,4,NA,6,NA,4,4,4,6,4,7,2,90,5.6
Jerry Jeudy,WR,DEN,2021,7,NA,NA,NA,NA,NA,NA,4,8,9,NA,3,6,6,4,4,NA,5,56,5.6
Eric Saubert,TE,DEN,2021,2,1,0,0,NA,5,1,NA,1,0,NA,1,NA,NA,NA,NA,1,NA,12,1.2
Tim Patrick,WR,DEN,2021,4,4,5,6,9,6,5,3,5,6,NA,3,5,5,5,4,NA,10,85,5.3
Diontae Spencer,WR,DEN,2021,0,0,1,1,1,0,0,NA,0,0,NA,0,0,1,0,0,0,NA,4,0.3
Brandon Bolden,RB,NE,2021,0,NA,4,6,4,1,7,0,2,3,2,4,1,NA,5,5,3,2,49,3.1
Rhamondre Stevenson,RB,NE,2021,1,NA,NA,NA,0,3,NA,2,2,5,1,1,0,NA,1,NA,0,2,18,1.5
Jonnu Smith,TE,NE,2021,5,5,6,5,2,2,5,2,2,NA,2,4,1,NA,3,0,1,0,45,2.8
James White,RB,NE,2021,7,6,1,NA,NA,NA,NA,NA,NA,NA,NA,NA,NA,NA,NA,NA,NA,NA,14,4.7
Damien Harris,RB,NE,2021,3,1,2,2,0,1,2,1,1,NA,1,1,0,NA,NA,0,1,4,20,1.3
Hunter Henry,TE,NE,2021,3,4,6,5,8,2,4,3,3,4,3,5,NA,NA,8,6,5,6,75,4.7
Kendrick Bourne,WR,NE,2021,3,3,8,5,3,2,4,7,4,4,4,6,0,NA,3,4,6,4,70,4.1
Jakobi Meyers,WR,NE,2021,9,6,14,12,5,6,7,9,4,4,6,8,NA,NA,12,8,8,8,126,7.9
Nelson Agholor,WR,NE,2021,7,3,8,5,4,4,5,6,0,4,5,3,1,NA,6,NA,NA,3,64,4.3
Gunner Olszewski,WR,NE,2021,0,0,0,0,0,0,1,0,0,NA,0,0,0,NA,1,0,1,0,3,0.2
Myles Gaskin,RB,MIA,2021,5,5,6,0,10,6,4,4,6,2,4,2,2,NA,0,3,1,3,63,3.7
Malcolm Brown,RB,MIA,2021,0,0,2,1,NA,1,1,NA,NA,NA,NA,NA,NA,NA,NA,NA,NA,NA,5,0.8
Salvon Ahmed,RB,MIA,2021,3,3,NA,2,3,2,2,2,0,1,NA,1,0,NA,NA,NA,NA,NA,19,1.7
Albert Wilson,WR,MIA,2021,2,6,NA,2,NA,2,NA,NA,2,5,4,6,8,NA,2,NA,NA,NA,39,3.9
Jaylen Waddle,WR,MIA,2021,5,8,13,4,6,13,8,11,10,6,9,10,11,NA,NA,12,7,7,140,8.8
DeVante Parker,WR,MIA,2021,7,9,7,9,NA,NA,NA,11,NA,NA,NA,NA,5,NA,8,0,13,4,73,7.3
Mike Gesicki,TE,MIA,2021,3,6,12,6,7,9,8,4,8,7,6,3,11,NA,8,4,7,3,112,6.6
Durham Smythe,TE,MIA,2021,2,0,1,2,3,6,4,NA,2,1,5,5,1,NA,1,3,3,2,41,2.6
Jakeem Grant Sr.,WR,CHI,2021,0,1,0,1,0,0,0,0,0,NA,1,4,7,3,0,NA,0,NA,17,1.1
Mack Hollins,WR,MIA,2021,0,0,0,NA,2,5,3,1,6,1,3,1,1,NA,1,2,1,1,28,1.8
Darrell Henderson Jr.,RB,LAR,2021,1,5,NA,6,1,3,6,2,4,6,NA,4,NA,NA,2,0,NA,NA,40,3.3
Sony Michel,RB,LAR,2021,0,0,4,0,1,0,0,2,3,2,NA,1,4,1,2,4,5,4,33,1.9
Robert Woods,WR,LAR,2021,4,9,6,6,14,5,6,9,10,NA,NA,NA,NA,NA,NA,NA,NA,NA,69,7.7
Tyler Higbee,TE,LAR,2021,6,1,5,6,2,5,8,3,10,5,NA,5,6,NA,NA,6,9,8,85,5.7
Van Jefferson,WR,LAR,2021,3,3,6,6,4,4,7,6,7,7,NA,9,8,3,2,6,5,3,89,5.2
Cooper Kupp,WR,LAR,2021,10,11,12,13,10,12,13,9,13,13,NA,10,10,15,13,13,7,7,191,11.2
DeSean Jackson,WR,LV,2021,2,NA,5,3,3,1,1,NA,NA,1,0,4,1,2,3,5,3,NA,34,2.4
Johnny Mundt,TE,LAR,2021,0,NA,0,1,NA,NA,NA,NA,NA,NA,NA,NA,NA,NA,NA,NA,NA,NA,1,0.3
Jake Funk,RB,LAR,2021,0,0,0,NA,NA,0,NA,NA,NA,NA,NA,NA,NA,NA,NA,0,NA,NA,0,0
Damien Williams,RB,CHI,2021,5,3,0,2,3,NA,1,0,NA,NA,NA,NA,NA,1,0,2,1,5,23,1.9
David Montgomery,RB,CHI,2021,1,4,4,0,NA,NA,NA,0,2,NA,1,3,9,7,6,9,2,3,51,3.6
Marquise Goodwin,WR,CHI,2021,4,3,1,2,2,1,4,3,4,NA,8,1,NA,NA,NA,2,2,3,40,2.9
Jimmy Graham,TE,CHI,2021,2,NA,1,NA,NA,NA,NA,NA,3,NA,3,3,1,3,2,2,1,2,23,2.1
Cole Kmet,TE,CHI,2021,7,1,4,3,4,5,6,6,8,NA,2,11,7,5,9,5,5,5,93,5.5
Damiere Byrd,WR,CHI,2021,3,NA,NA,NA,NA,1,1,NA,NA,NA,2,5,7,2,6,3,2,6,38,3.5
Allen Robinson II,WR,CHI,2021,11,4,6,3,5,7,4,4,6,NA,NA,NA,NA,6,NA,NA,6,4,66,5.5
Darnell Mooney,WR,CHI,2021,7,8,4,7,5,8,5,9,6,NA,16,8,7,5,7,9,13,16,140,8.2
Nsimba Webster,WR,CHI,2021,0,0,0,0,NA,NA,NA,NA,NA,NA,NA,NA,NA,NA,0,0,NA,NA,0,0
Khalil Herbert,RB,CHI,2021,0,NA,0,0,0,3,5,2,0,NA,0,0,1,0,4,1,0,0,16,1
Josh Jacobs,RB,LV,2021,2,NA,NA,5,5,1,3,NA,4,5,7,4,9,6,4,3,4,2,64,4.3
Kenyan Drake,RB,LV,2021,5,6,6,0,1,2,3,NA,8,3,2,2,2,NA,NA,NA,NA,NA,40,3.3
Hunter Renfrow,WR,LV,2021,9,7,6,8,8,5,8,NA,9,9,4,9,10,14,5,3,9,5,128,7.5
Henry Ruggs III,WR,LV,2021,5,7,7,6,3,4,4,NA,NA,NA,NA,NA,NA,NA,NA,NA,NA,NA,36,5.1
Darren Waller,TE,LV,2021,19,7,7,7,8,5,NA,NA,11,7,8,5,NA,NA,NA,NA,NA,9,93,8.5
Zay Jones,WR,LV,2021,2,NA,1,1,2,NA,1,NA,4,3,2,7,5,7,9,8,10,8,70,4.7
Willie Snead IV,WR,CAR,2021,1,1,NA,1,1,1,NA,NA,2,NA,NA,NA,NA,NA,1,NA,NA,NA,8,1.1
Bryan Edwards,WR,LV,2021,5,3,5,4,6,4,4,NA,4,4,0,1,5,3,4,NA,2,5,59,3.7
Alec Ingold,RB,LV,2021,4,1,1,NA,NA,1,1,NA,3,1,NA,NA,NA,NA,NA,NA,NA,NA,12,1.7
Ty'Son Williams,RB,BAL,2021,4,2,1,NA,2,NA,2,NA,0,NA,NA,1,NA,NA,NA,NA,NA,0,12,1.5
Trenton Cannon,RB,SF,2021,0,0,0,0,0,NA,0,0,0,0,0,NA,NA,NA,NA,NA,NA,NA,0,0
Latavius Murray,RB,BAL,2021,0,0,0,0,3,2,NA,NA,NA,NA,2,0,2,0,3,1,0,0,13,0.9
Marquise Brown,WR,BAL,2021,6,10,7,5,10,5,14,NA,12,13,NA,10,7,8,14,9,8,8,146,9.1
Sammy Watkins,WR,BAL,2021,8,7,7,7,3,NA,NA,NA,NA,3,4,1,6,2,NA,NA,NA,1,49,4.5
Patrick Ricard,RB,BAL,2021,3,0,0,1,NA,NA,NA,NA,5,NA,1,2,1,NA,NA,NA,NA,NA,13,1.6
Josh Oliver,TE,BAL,2021,1,1,1,1,2,1,5,NA,NA,1,NA,NA,0,1,NA,NA,NA,1,15,1.4
Mark Andrews,TE,BAL,2021,5,5,7,8,13,6,7,NA,10,8,10,10,9,11,13,10,6,15,153,9
Devin Duvernay,WR,BAL,2021,2,0,3,6,4,3,1,NA,2,4,6,2,3,5,3,NA,3,0,47,2.9
Eric Tomlinson,TE,BAL,2021,0,NA,NA,NA,NA,NA,NA,NA,1,NA,0,0,0,NA,NA,0,NA,1,2,0.3
Tom Kennedy,WR,DET,2021,0,NA,NA,NA,NA,1,NA,1,NA,NA,NA,NA,NA,1,NA,2,3,2,10,1.4
Jared Pinkney,TE,DET,2021,0,NA,NA,NA,NA,NA,NA,NA,NA,NA,NA,NA,NA,NA,NA,NA,NA,NA,0,0
Spencer Brown,RB,CAR,2021,0,NA,NA,NA,NA,NA,NA,NA,NA,NA,NA,NA,NA,NA,NA,NA,NA,NA,0,0
Wayne Gallman Jr.,RB,MIN,2021,0,NA,NA,1,0,NA,0,0,NA,2,0,0,NA,NA,NA,0,NA,NA,3,0.3
Tarik Cohen,RB,CHI,2021,0,NA,NA,NA,NA,NA,NA,NA,NA,NA,NA,NA,NA,NA,NA,NA,NA,NA,0,0
Matthew Slater,WR,NE,2021,NA,0,NA,0,0,NA,NA,0,0,0,0,NA,0,NA,NA,NA,0,0,0,0
Andy Isabella,WR,ARI,2021,NA,0,NA,NA,NA,NA,NA,NA,0,NA,NA,NA,NA,NA,1,NA,NA,NA,1,0.3
Ben Ellefson,TE,MIN,2021,NA,0,NA,NA,1,NA,NA,NA,NA,NA,NA,NA,NA,NA,NA,NA,NA,0,1,0.3
Cameron Brate,TE,TB,2021,NA,1,5,6,1,4,4,4,NA,3,6,4,1,4,4,4,3,3,57,3.6
O.J. Howard,TE,TB,2021,NA,1,1,1,3,7,3,3,NA,0,1,NA,NA,NA,1,0,NA,NA,21,1.9
Scotty Miller,WR,TB,2021,NA,0,3,NA,NA,NA,NA,NA,NA,NA,NA,1,NA,NA,3,1,NA,1,9,1.5
Christian Blake,WR,ATL,2021,NA,1,0,0,4,NA,NA,NA,0,1,NA,NA,NA,NA,1,1,1,1,10,1
Olamide Zaccheaus,WR,ATL,2021,NA,4,6,3,4,NA,1,1,3,7,5,2,5,NA,2,4,3,3,53,3.5
Lee Smith,TE,ATL,2021,NA,1,3,NA,3,NA,2,0,NA,NA,0,0,0,1,1,NA,NA,NA,11,1.1
Parker Hesse,TE,ATL,2021,NA,1,NA,NA,NA,NA,NA,NA,NA,NA,1,1,NA,NA,NA,NA,3,NA,6,1.5
Tajae Sharpe,WR,ATL,2021,NA,2,1,2,5,NA,2,6,1,1,4,3,5,2,1,NA,NA,2,37,2.6
Alex Collins,RB,SEA,2021,NA,0,0,2,3,1,1,0,NA,1,0,1,NA,1,NA,NA,NA,NA,10,0.9
MyCole Pruitt,TE,TEN,2021,NA,3,1,1,1,1,3,2,0,1,NA,2,NA,3,1,0,NA,NA,19,1.5
Tommy Hudson,TE,TEN,2021,NA,2,2,1,NA,NA,NA,NA,NA,NA,1,NA,NA,NA,NA,NA,NA,NA,6,1.5
Josh Reynolds,WR,DET,2021,NA,0,NA,9,1,NA,3,NA,NA,NA,3,5,7,5,6,7,NA,3,49,4.5
Racey McMath,WR,TEN,2021,NA,0,1,NA,NA,NA,NA,NA,NA,NA,NA,NA,NA,2,1,1,NA,1,6,1
Devonta Freeman,RB,BAL,2021,NA,0,0,0,4,2,3,NA,3,4,6,1,8,5,1,2,1,2,42,2.6
Jerick McKinnon,RB,KC,2021,NA,1,NA,0,2,4,4,NA,3,3,0,NA,NA,NA,NA,NA,NA,3,20,2.2
Jody Fortson,TE,KC,2021,NA,1,2,1,NA,1,NA,NA,NA,NA,NA,NA,NA,NA,NA,NA,NA,NA,5,1.3
Equanimeous St. Brown,WR,GB,2021,NA,1,NA,1,0,0,1,3,NA,NA,2,2,NA,0,NA,0,2,5,17,1.4
Gerrid Doaks,RB,MIA,2021,NA,0,NA,NA,0,NA,NA,NA,0,NA,0,NA,NA,NA,NA,NA,NA,NA,0,0
Scottie Phillips,RB,HOU,2021,NA,0,NA,NA,NA,NA,NA,3,0,NA,NA,NA,NA,NA,NA,NA,NA,NA,3,1
Ricky Seals-Jones,TE,WAS,2021,NA,1,NA,4,9,6,7,4,NA,4,NA,NA,NA,4,7,1,2,NA,49,4.5
John Bates,TE,WAS,2021,NA,0,0,NA,NA,1,NA,1,NA,3,3,1,4,2,1,3,4,2,25,1.9
Luke Farrell,TE,JAC,2021,NA,2,1,1,1,1,NA,2,1,NA,NA,NA,NA,NA,NA,NA,2,0,11,1.2
Laquon Treadwell,WR,JAC,2021,NA,1,NA,NA,NA,1,NA,NA,1,1,3,8,5,6,9,5,6,5,51,4.3
Kendall Hinton,WR,DEN,2021,NA,1,NA,3,3,5,2,0,1,NA,NA,1,1,NA,1,NA,5,NA,23,2.1
Adam Shaheen,TE,MIA,2021,NA,0,0,1,2,NA,5,1,2,4,1,NA,NA,NA,NA,NA,NA,NA,16,1.8
Cethan Carter,TE,MIA,2021,NA,1,NA,0,NA,1,0,0,0,NA,0,NA,NA,NA,NA,NA,NA,0,2,0.3
Preston Williams,WR,MIA,2021,NA,3,NA,NA,5,NA,4,NA,NA,2,1,1,NA,NA,NA,NA,NA,NA,16,2.7
Reggie Gilliam,RB,BUF,2021,NA,0,1,1,NA,0,NA,NA,NA,0,1,NA,NA,NA,NA,1,NA,1,5,0.6
Zack Moss,RB,BUF,2021,NA,2,3,1,4,4,NA,7,4,0,1,NA,3,NA,NA,1,0,2,32,2.5
Jake Kumerow,WR,BUF,2021,NA,1,NA,0,NA,1,NA,NA,NA,NA,NA,NA,NA,0,NA,3,0,1,6,0.9
Taiwan Jones,RB,BUF,2021,NA,0,NA,NA,NA,NA,NA,0,0,0,NA,0,NA,NA,NA,NA,0,0,0,0
Rashard Higgins,WR,CLE,2021,NA,2,2,7,5,3,2,4,NA,1,5,NA,NA,NA,5,6,5,NA,47,3.9
Chris Evans,RB,CIN,2021,NA,1,2,NA,2,3,NA,NA,1,NA,1,1,NA,NA,NA,1,NA,5,17,1.9
Stanley Morgan Jr.,WR,CIN,2021,NA,0,NA,NA,0,0,NA,NA,0,NA,1,1,0,0,NA,0,0,2,4,0.4
Greg Ward,WR,PHI,2021,NA,0,1,2,0,NA,NA,0,0,NA,NA,1,NA,NA,3,NA,2,2,11,1.1
Jack Stoll,TE,PHI,2021,NA,0,NA,NA,NA,NA,NA,1,NA,3,0,NA,NA,NA,1,0,NA,NA,5,0.8
Trey Sermon,RB,SF,2021,NA,0,3,0,0,NA,NA,NA,NA,0,1,NA,NA,NA,NA,NA,NA,NA,4,0.7
Jauan Jennings,WR,SF,2021,NA,2,NA,1,NA,NA,2,1,NA,2,1,3,1,5,6,5,2,7,38,2.9
Brandon Zylstra,WR,CAR,2021,NA,3,0,2,0,3,NA,NA,NA,2,2,2,NA,5,4,NA,0,2,25,2.1
Giovanni Ricci,TE,CAR,2021,NA,0,NA,NA,0,NA,NA,0,NA,0,NA,0,NA,NA,1,1,0,0,2,0.2
Lil'Jordan Humphrey,WR,NO,2021,NA,2,NA,NA,NA,NA,0,NA,NA,NA,1,5,2,NA,NA,5,2,1,18,2.3
Alex Armah Jr.,RB,WAS,2021,NA,0,0,0,NA,NA,0,1,0,NA,0,NA,0,NA,0,NA,NA,0,1,0.1
Dwayne Washington,RB,NO,2021,NA,0,NA,1,NA,NA,NA,NA,0,0,1,0,0,0,NA,NA,NA,NA,2,0.3
Marlon Mack,RB,IND,2021,NA,1,NA,2,2,0,0,0,NA,NA,NA,NA,NA,NA,NA,NA,NA,NA,5,0.8
Tutu Atwell,WR,LAR,2021,NA,0,0,0,0,0,NA,0,NA,NA,NA,NA,NA,NA,NA,NA,NA,NA,0,0
Peyton Barber,RB,LV,2021,NA,0,5,0,NA,NA,NA,NA,NA,0,0,NA,1,3,1,1,2,NA,13,1.3
Foster Moreau,TE,LV,2021,NA,3,2,NA,0,1,6,NA,0,0,2,5,3,6,9,4,1,2,44,2.9
Derek Carrier,TE,LV,2021,NA,2,NA,NA,NA,NA,NA,NA,NA,NA,NA,NA,NA,NA,NA,NA,NA,0,2,1
J.J. Taylor,RB,NE,2021,NA,0,2,1,NA,NA,1,NA,NA,0,NA,NA,NA,NA,NA,NA,NA,NA,4,0.8
Anthony Miller,WR,PIT,2021,NA,NA,6,5,NA,NA,NA,NA,NA,NA,NA,1,NA,NA,NA,NA,NA,NA,12,4
Chris Moore,WR,HOU,2021,NA,NA,0,NA,5,5,NA,2,1,NA,1,1,NA,NA,0,4,NA,3,22,2.2
Royce Freeman,RB,HOU,2021,NA,NA,1,0,2,0,2,1,NA,NA,NA,NA,1,8,0,0,1,0,16,1.3
Odell Beckham Jr.,WR,LAR,2021,NA,NA,9,7,3,8,6,1,NA,3,NA,10,5,7,3,8,7,5,82,5.9
D'Ernest Johnson,RB,CLE,2021,NA,NA,0,0,NA,1,2,3,0,8,0,NA,NA,1,4,2,3,1,25,1.9
Jesse James,TE,CHI,2021,NA,NA,0,NA,NA,NA,3,3,NA,NA,NA,1,NA,NA,NA,NA,1,NA,8,1.6
Phillip Dorsett II,WR,HOU,2021,NA,NA,1,NA,NA,1,NA,NA,NA,NA,NA,NA,NA,3,3,6,NA,NA,14,2.8
Jacob Hollister,TE,JAC,2021,NA,NA,6,1,1,1,NA,NA,NA,NA,NA,NA,NA,NA,0,2,NA,3,14,2
Noah Gray,TE,KC,2021,NA,NA,1,1,NA,NA,1,NA,NA,3,1,NA,NA,NA,NA,2,1,NA,10,1.4
Tommy Sweeney,TE,BUF,2021,NA,NA,2,NA,1,1,NA,4,2,NA,1,NA,NA,NA,1,NA,NA,NA,12,1.7
Cameron Batson,WR,TEN,2021,NA,NA,1,4,0,0,NA,NA,NA,NA,NA,NA,NA,NA,NA,NA,NA,NA,5,1.3
Tory Carter,RB,TEN,2021,NA,NA,0,NA,NA,NA,NA,0,NA,0,0,1,NA,NA,NA,NA,NA,NA,1,0.2
Jordan Wilkins,RB,TEN,2021,NA,NA,0,NA,NA,NA,NA,NA,NA,NA,NA,NA,NA,NA,NA,NA,NA,0,0,0
Cody White,WR,PIT,2021,NA,NA,2,NA,1,NA,NA,NA,0,0,NA,NA,0,NA,NA,3,NA,NA,6,1
Auden Tate,WR,CIN,2021,NA,NA,1,1,1,1,NA,NA,NA,NA,NA,NA,NA,NA,NA,NA,NA,NA,4,1
Drew Sample,TE,CIN,2021,NA,NA,0,NA,4,1,NA,NA,3,NA,2,NA,NA,1,1,2,0,1,15,1.5
Kenny Stills,WR,NO,2021,NA,NA,3,1,5,NA,3,NA,5,NA,NA,NA,5,NA,NA,1,NA,NA,23,3.3
Collin Johnson,WR,NYG,2021,NA,NA,7,0,3,5,2,2,NA,NA,1,NA,NA,NA,1,NA,NA,NA,21,2.6
Evan Engram,TE,NYG,2021,NA,NA,6,6,4,5,8,4,3,NA,5,6,5,4,5,5,2,5,73,4.9
Cullen Gillaspia,RB,NYG,2021,NA,NA,0,NA,NA,0,0,NA,NA,NA,NA,NA,NA,NA,NA,NA,NA,0,0,0
KhaDarel Hodge,WR,DET,2021,NA,NA,1,1,5,4,1,2,NA,0,NA,0,1,1,NA,1,10,NA,27,2.3
James Proche II,WR,BAL,2021,NA,NA,1,6,2,1,1,NA,NA,NA,NA,NA,NA,NA,1,8,NA,NA,20,2.9
William Fuller V,WR,MIA,2021,NA,NA,6,2,NA,NA,NA,NA,NA,NA,NA,NA,NA,NA,NA,NA,NA,NA,8,4
Damarea Crockett,RB,DEN,2021,NA,NA,0,NA,NA,NA,NA,NA,NA,NA,NA,NA,NA,NA,NA,NA,NA,NA,0,0
Keelan Cole Sr.,WR,NYJ,2021,NA,NA,2,4,3,NA,2,5,8,6,1,2,NA,6,2,2,5,3,51,3.6
Ben Skowronek,WR,LAR,2021,NA,NA,0,NA,0,0,0,3,NA,5,NA,NA,2,1,5,0,2,2,20,1.7
Jaelon Darden,WR,TB,2021,NA,NA,1,NA,NA,NA,1,3,NA,2,1,0,NA,0,3,NA,NA,1,12,1.3
Josiah Deguara,TE,GB,2021,NA,NA,1,0,NA,1,0,2,2,3,2,4,NA,3,5,3,3,4,33,2.4
Noah Brown,WR,DAL,2021,NA,NA,1,0,4,2,NA,2,1,1,2,9,3,NA,NA,NA,NA,NA,25,2.5
Nick Ralston,RB,DAL,2021,NA,NA,0,NA,NA,NA,NA,NA,NA,NA,NA,NA,NA,NA,NA,NA,NA,NA,0,0
Trenton Irwin,WR,CIN,2021,NA,NA,NA,1,NA,0,0,NA,NA,NA,NA,NA,0,NA,NA,NA,NA,4,5,1
Tavon Austin,WR,JAC,2021,NA,NA,NA,3,5,1,NA,3,NA,1,2,2,2,5,3,7,4,NA,38,3.2
Garrett Griffin,TE,NO,2021,NA,NA,NA,0,0,NA,NA,3,NA,NA,0,NA,1,NA,NA,NA,NA,NA,4,0.8
John Ross,WR,NYG,2021,NA,NA,NA,4,5,2,2,3,NA,NA,0,2,1,1,NA,NA,NA,NA,20,2.2
Brandon Smith,WR,DAL,2021,NA,NA,NA,0,NA,NA,NA,NA,NA,NA,NA,NA,NA,NA,NA,NA,NA,NA,0,0
J.K. Dobbins,RB,BAL,2021,NA,NA,NA,0,NA,NA,NA,NA,NA,NA,NA,NA,NA,NA,NA,NA,NA,NA,0,0
Jeremy Sprinkle,TE,DAL,2021,NA,NA,NA,0,NA,0,NA,NA,NA,NA,0,NA,NA,NA,2,0,NA,1,3,0.5
Rodney Smith,RB,CAR,2021,NA,NA,NA,5,NA,NA,NA,NA,NA,NA,NA,NA,NA,NA,NA,NA,NA,NA,5,5
Colin Thompson,TE,CAR,2021,NA,NA,NA,0,NA,NA,1,NA,0,NA,NA,NA,NA,NA,NA,NA,NA,NA,1,0.3
Kylen Granson,TE,IND,2021,NA,NA,NA,2,2,NA,1,1,1,1,2,2,2,NA,NA,1,NA,NA,15,1.5
Jamison Crowder,WR,NYJ,2021,NA,NA,NA,9,6,NA,6,9,7,5,7,1,6,6,8,NA,NA,1,71,5.9
Trevon Wesco,TE,NYJ,2021,NA,NA,NA,1,0,NA,1,NA,2,0,NA,0,NA,NA,1,0,NA,NA,5,0.6
J.P. Holtz,TE,CHI,2021,NA,NA,NA,0,NA,NA,NA,0,NA,NA,NA,0,NA,0,NA,0,NA,NA,0,0
Curtis Samuel,WR,WAS,2021,NA,NA,NA,4,1,NA,NA,NA,NA,NA,NA,1,1,2,NA,NA,NA,NA,9,1.8
Buddy Howell,RB,LAR,2021,NA,NA,NA,0,NA,NA,0,0,0,NA,NA,0,NA,NA,NA,NA,NA,NA,0,0
Jacques Patrick,RB,SF,2021,NA,NA,NA,0,NA,NA,NA,NA,NA,NA,NA,NA,NA,NA,NA,NA,NA,NA,0,0
Ross Dwelley,TE,SF,2021,NA,NA,NA,1,2,NA,2,NA,NA,0,NA,NA,NA,NA,NA,NA,NA,NA,5,1.3
Le'Veon Bell,RB,TB,2021,NA,NA,NA,1,NA,0,2,NA,0,0,NA,NA,NA,NA,NA,0,3,1,7,0.9
Tylan Wallace,WR,BAL,2021,NA,NA,NA,0,0,0,0,NA,NA,NA,NA,1,0,0,2,2,NA,1,6,0.6
N'Keal Harry,WR,NE,2021,NA,NA,NA,1,2,NA,2,2,NA,1,2,NA,0,NA,5,6,NA,1,22,2.2
Jakob Johnson,RB,NE,2021,NA,NA,NA,0,NA,NA,2,2,NA,NA,0,NA,NA,NA,0,1,0,NA,5,0.7
Codey McElroy,TE,TB,2021,NA,NA,NA,1,0,NA,NA,NA,NA,NA,NA,NA,NA,NA,NA,NA,NA,NA,1,0.5
Colby Parkinson,TE,SEA,2021,NA,NA,NA,NA,2,NA,NA,NA,NA,NA,1,NA,NA,NA,0,1,1,3,8,1.3
Antony Auclair,TE,HOU,2021,NA,NA,NA,NA,1,NA,NA,NA,2,NA,NA,NA,NA,1,NA,NA,NA,1,5,1.3
Isaiah Ford,WR,MIA,2021,NA,NA,NA,NA,1,1,1,1,NA,4,NA,2,1,NA,3,NA,2,NA,16,1.8
Marcus Johnson,WR,TEN,2021,NA,NA,NA,NA,5,1,1,5,0,6,1,NA,NA,NA,NA,NA,NA,NA,19,2.7
Kalen Ballage,RB,PIT,2021,NA,NA,NA,NA,1,0,NA,0,1,2,1,2,NA,0,NA,NA,NA,0,7,0.8
David Moore,WR,GB,2021,NA,NA,NA,NA,2,NA,NA,NA,NA,NA,NA,NA,NA,NA,NA,NA,0,NA,2,1
Tyrie Cleveland,WR,DEN,2021,NA,NA,NA,NA,0,0,1,0,NA,NA,NA,NA,NA,NA,NA,NA,NA,NA,1,0.3
Tyler Davis,TE,GB,2021,NA,NA,NA,NA,0,0,0,NA,NA,1,NA,NA,NA,0,1,NA,2,1,5,0.6
Dax Milne,WR,WAS,2021,NA,NA,NA,NA,1,1,4,2,NA,2,1,NA,NA,NA,1,1,1,NA,14,1.6
Jalen Richard,RB,LV,2021,NA,NA,NA,NA,1,1,4,NA,3,1,NA,NA,NA,NA,0,1,1,2,14,1.6
Jesper Horsted,TE,CHI,2021,NA,NA,NA,NA,1,0,1,NA,NA,NA,NA,NA,NA,NA,1,NA,NA,NA,3,0.8
Joshua Kelley,RB,LAC,2021,NA,NA,NA,NA,0,0,NA,NA,1,0,NA,3,NA,1,0,1,NA,NA,6,0.8
Eno Benjamin,RB,ARI,2021,NA,NA,NA,NA,0,NA,0,NA,0,1,1,NA,1,NA,NA,NA,0,4,7,0.9
Travis Benjamin,WR,SF,2021,NA,NA,NA,NA,3,NA,NA,NA,NA,NA,NA,NA,0,1,NA,NA,0,1,5,1
Charlie Woerner,TE,SF,2021,NA,NA,NA,NA,1,NA,2,2,NA,NA,NA,1,0,0,0,NA,0,NA,6,0.8
Josh Gordon,WR,KC,2021,NA,NA,NA,NA,1,NA,1,1,1,NA,2,NA,NA,3,NA,3,1,1,14,1.6
Darrynton Evans,RB,TEN,2021,NA,NA,NA,NA,0,NA,2,NA,NA,NA,NA,NA,NA,NA,NA,NA,NA,NA,2,1
Hunter Long,TE,MIA,2021,NA,NA,NA,NA,NA,1,NA,NA,NA,NA,NA,NA,1,NA,1,NA,NA,NA,3,1
Trayveon Williams,RB,CIN,2021,NA,NA,NA,NA,NA,0,NA,NA,NA,NA,NA,NA,0,0,NA,NA,NA,2,2,0.5
Shi Smith,WR,CAR,2021,NA,NA,NA,NA,NA,2,2,1,NA,NA,NA,NA,NA,NA,NA,5,1,NA,11,2.2
T.Y. Hilton,WR,IND,2021,NA,NA,NA,NA,NA,4,NA,5,NA,5,2,5,2,NA,1,5,3,5,37,3.7
Dante Pettis,WR,NYG,2021,NA,NA,NA,NA,NA,11,5,0,NA,NA,NA,NA,NA,NA,NA,NA,NA,NA,16,5.3
Miles Boykin,WR,BAL,2021,NA,NA,NA,NA,NA,1,NA,NA,NA,NA,NA,NA,NA,NA,NA,0,NA,NA,1,0.5
Rashod Bateman,WR,BAL,2021,NA,NA,NA,NA,NA,6,6,NA,8,8,6,4,1,8,2,5,10,4,68,5.7
Artavis Pierce,RB,CHI,2021,NA,NA,NA,NA,NA,0,NA,NA,NA,NA,NA,NA,NA,NA,NA,NA,NA,NA,0,0
Johnny Stanton IV,RB,CLE,2021,NA,NA,NA,NA,NA,1,1,NA,NA,0,NA,NA,NA,NA,NA,NA,NA,NA,2,0.7
Mike Boone,RB,DEN,2021,NA,NA,NA,NA,NA,1,NA,NA,0,NA,NA,NA,1,NA,NA,NA,NA,NA,2,0.7
Malik Turner,WR,DAL,2021,NA,NA,NA,NA,NA,1,NA,NA,7,1,2,NA,1,NA,1,3,NA,NA,16,2.3
Allen Hurns,WR,MIA,2021,NA,NA,NA,NA,NA,0,NA,NA,0,NA,0,NA,0,NA,NA,NA,NA,NA,0,0
Chris Myarick,TE,NYG,2021,NA,NA,NA,NA,NA,0,NA,NA,NA,NA,1,2,NA,1,NA,2,NA,NA,6,1.2
Damion Ratley,WR,DAL,2021,NA,NA,NA,NA,NA,0,NA,NA,NA,NA,NA,NA,NA,NA,NA,NA,NA,NA,0,0
John Kelly Jr.,RB,CLE,2021,NA,NA,NA,NA,NA,NA,0,NA,NA,NA,NA,NA,NA,NA,NA,NA,NA,NA,0,0
John Brown,WR,JAC,2021,NA,NA,NA,NA,NA,NA,1,NA,NA,NA,1,1,NA,NA,NA,NA,NA,NA,3,1
Mason Kinsey,WR,TEN,2021,NA,NA,NA,NA,NA,NA,0,NA,NA,NA,NA,NA,NA,NA,NA,NA,NA,NA,0,0
Derrick Gore,RB,KC,2021,NA,NA,NA,NA,NA,NA,1,0,1,0,NA,NA,NA,2,NA,3,1,1,9,1.1
Antonio Gandy-Golden,WR,WAS,2021,NA,NA,NA,NA,NA,NA,0,NA,NA,NA,NA,NA,NA,NA,NA,NA,NA,NA,0,0
David Sills V,WR,NYG,2021,NA,NA,NA,NA,NA,NA,1,NA,NA,NA,NA,NA,NA,NA,NA,1,1,3,6,1.5
Keith Kirkwood,WR,CAR,2021,NA,NA,NA,NA,NA,NA,5,1,NA,NA,NA,NA,NA,NA,NA,NA,NA,1,7,2.3
Jacob Harris,TE,LAR,2021,NA,NA,NA,NA,NA,NA,0,NA,NA,NA,NA,NA,NA,NA,NA,NA,NA,NA,0,0
Geronimo Allison,WR,DET,2021,NA,NA,NA,NA,NA,NA,2,NA,NA,NA,NA,NA,NA,NA,NA,NA,NA,NA,2,2
Brock Wright,TE,DET,2021,NA,NA,NA,NA,NA,NA,0,NA,NA,2,1,NA,3,5,1,3,NA,2,17,2.1
Ke'Shawn Vaughn,RB,TB,2021,NA,NA,NA,NA,NA,NA,0,NA,NA,NA,0,NA,NA,NA,2,1,3,2,8,1.3
Deon Yelder,TE,TB,2021,NA,NA,NA,NA,NA,NA,1,0,NA,NA,NA,NA,NA,NA,NA,NA,NA,NA,1,0.5
Ryan Nall,RB,CHI,2021,NA,NA,NA,NA,NA,NA,1,0,0,NA,0,NA,NA,NA,NA,NA,0,NA,1,0.2
Keke Coutee,WR,IND,2021,NA,NA,NA,NA,NA,NA,1,NA,NA,NA,NA,NA,NA,NA,NA,NA,NA,NA,1,1
Devine Ozigbo,RB,JAC,2021,NA,NA,NA,NA,NA,NA,1,NA,0,NA,NA,NA,NA,NA,NA,NA,NA,NA,1,0.5
Tre'Quan Smith,WR,NO,2021,NA,NA,NA,NA,NA,NA,3,3,4,7,8,5,7,3,3,NA,NA,7,50,5
Kevin White,WR,NO,2021,NA,NA,NA,NA,NA,NA,2,1,0,2,NA,NA,NA,NA,NA,NA,NA,NA,5,1.3
Antoine Wesley,WR,ARI,2021,NA,NA,NA,NA,NA,NA,NA,3,3,1,4,NA,NA,NA,8,4,5,4,32,4
Juwann Winfree,WR,GB,2021,NA,NA,NA,NA,NA,NA,NA,6,NA,NA,NA,NA,NA,NA,1,1,2,3,13,2.6
Patrick Laird,RB,MIA,2021,NA,NA,NA,NA,NA,NA,NA,1,NA,1,1,NA,NA,NA,NA,NA,NA,NA,3,1
Anthony McFarland Jr.,RB,PIT,2021,NA,NA,NA,NA,NA,NA,NA,0,NA,NA,0,1,NA,NA,NA,NA,NA,NA,1,0.3
La'Mical Perine,RB,NYJ,2021,NA,NA,NA,NA,NA,NA,NA,0,NA,NA,NA,NA,NA,0,NA,NA,NA,NA,0,0
Dontrell Hilliard,RB,TEN,2021,NA,NA,NA,NA,NA,NA,NA,0,NA,NA,10,2,NA,2,6,2,3,1,26,3.3
Jermar Jefferson,RB,DET,2021,NA,NA,NA,NA,NA,NA,NA,4,NA,0,NA,0,1,NA,0,NA,NA,NA,5,1
Jordan Howard,RB,PHI,2021,NA,NA,NA,NA,NA,NA,NA,0,0,0,0,NA,NA,NA,0,4,1,NA,5,0.7
Brevin Jordan,TE,HOU,2021,NA,NA,NA,NA,NA,NA,NA,4,2,NA,3,3,4,7,NA,4,1,NA,28,3.5
Cyril Grayson Jr.,WR,TB,2021,NA,NA,NA,NA,NA,NA,NA,1,NA,NA,NA,NA,NA,NA,NA,3,8,NA,12,4
Luke Stocker,TE,MIN,2021,NA,NA,NA,NA,NA,NA,NA,1,1,0,NA,NA,0,NA,0,NA,NA,0,2,0.3
Cam Akers,RB,LAR,2021,NA,NA,NA,NA,NA,NA,NA,0,NA,NA,NA,NA,NA,NA,NA,NA,NA,3,3,1.5
Josh Hammond,WR,JAC,2021,NA,NA,NA,NA,NA,NA,NA,0,NA,NA,NA,NA,NA,NA,NA,NA,NA,NA,0,0
Darwin Thompson,RB,TB,2021,NA,NA,NA,NA,NA,NA,NA,0,NA,NA,NA,NA,NA,NA,NA,NA,0,NA,0,0
Dezmon Patmon,WR,IND,2021,NA,NA,NA,NA,NA,NA,NA,NA,1,NA,1,NA,NA,NA,NA,1,1,NA,4,1
LeVante Bellamy,RB,DEN,2021,NA,NA,NA,NA,NA,NA,NA,NA,0,NA,NA,NA,NA,NA,NA,NA,NA,NA,0,0
Trey Edmunds,RB,PIT,2021,NA,NA,NA,NA,NA,NA,NA,NA,0,NA,NA,NA,NA,NA,NA,NA,NA,NA,0,0
Pharoh Cooper,WR,NYG,2021,NA,NA,NA,NA,NA,NA,NA,NA,0,NA,0,2,3,1,2,1,2,NA,11,1.4
Dillon Stoner,WR,LV,2021,NA,NA,NA,NA,NA,NA,NA,NA,0,0,NA,NA,NA,NA,NA,NA,NA,NA,0,0
Kene Nwangwu,RB,MIN,2021,NA,NA,NA,NA,NA,NA,NA,NA,0,0,0,0,3,NA,0,2,0,0,5,0.6
Sean McKeon,TE,DAL,2021,NA,NA,NA,NA,NA,NA,NA,NA,2,2,1,1,NA,NA,NA,0,NA,NA,6,1.2
Kirk Merritt,WR,MIA,2021,NA,NA,NA,NA,NA,NA,NA,NA,3,NA,NA,NA,NA,NA,NA,NA,NA,NA,3,3
John Hightower,WR,PHI,2021,NA,NA,NA,NA,NA,NA,NA,NA,0,NA,NA,NA,NA,NA,NA,NA,NA,NA,0,0
Greg Dortch,WR,ARI,2021,NA,NA,NA,NA,NA,NA,NA,NA,0,0,NA,NA,NA,NA,NA,0,1,2,3,0.6
J.J. Koski,WR,LAR,2021,NA,NA,NA,NA,NA,NA,NA,NA,0,0,NA,0,NA,NA,NA,NA,NA,NA,0,0
Adrian Peterson,RB,SEA,2021,NA,NA,NA,NA,NA,NA,NA,NA,1,1,2,NA,0,NA,NA,NA,NA,NA,4,1
D'Onta Foreman,RB,TEN,2021,NA,NA,NA,NA,NA,NA,NA,NA,0,2,1,1,NA,2,3,0,0,2,11,1.2
Kevin Rader,TE,PIT,2021,NA,NA,NA,NA,NA,NA,NA,NA,1,NA,NA,NA,NA,NA,NA,2,0,NA,3,1
Dez Fitzpatrick,WR,TEN,2021,NA,NA,NA,NA,NA,NA,NA,NA,NA,1,6,1,NA,NA,NA,NA,NA,NA,8,2.7
Frank Darby,WR,ATL,2021,NA,NA,NA,NA,NA,NA,NA,NA,NA,3,NA,0,NA,0,NA,NA,1,NA,4,1
JoJo Natson,WR,CLE,2021,NA,NA,NA,NA,NA,NA,NA,NA,NA,0,NA,0,NA,0,NA,NA,NA,NA,0,0
Kenny Yeboah,TE,NYJ,2021,NA,NA,NA,NA,NA,NA,NA,NA,NA,0,NA,NA,1,NA,NA,NA,2,NA,3,1
Maurice Ffrench,WR,LAC,2021,NA,NA,NA,NA,NA,NA,NA,NA,NA,0,NA,NA,NA,NA,NA,0,NA,NA,0,0
Dan Chisena,WR,MIN,2021,NA,NA,NA,NA,NA,NA,NA,NA,NA,0,NA,NA,0,NA,NA,NA,NA,NA,0,0
Patrick Taylor Jr.,RB,GB,2021,NA,NA,NA,NA,NA,NA,NA,NA,NA,0,0,NA,NA,NA,NA,0,0,2,2,0.4
Daniel Helm,TE,LV,2021,NA,NA,NA,NA,NA,NA,NA,NA,NA,0,NA,1,NA,NA,1,NA,NA,NA,2,0.7
Jeff Wilson Jr.,RB,SF,2021,NA,NA,NA,NA,NA,NA,NA,NA,NA,0,2,1,0,0,2,3,0,0,8,0.9
Kendall Blanton,TE,LAR,2021,NA,NA,NA,NA,NA,NA,NA,NA,NA,1,NA,NA,2,3,1,NA,NA,NA,7,1.8
Briley Moore,TE,TEN,2021,NA,NA,NA,NA,NA,NA,NA,NA,NA,0,NA,NA,NA,NA,NA,0,NA,NA,0,0
Deon Jackson,RB,IND,2021,NA,NA,NA,NA,NA,NA,NA,NA,NA,0,0,NA,0,NA,NA,0,0,NA,0,0
Qadree Ollison,RB,ATL,2021,NA,NA,NA,NA,NA,NA,NA,NA,NA,NA,3,NA,1,0,1,NA,0,1,6,1
Nick Boyle,TE,BAL,2021,NA,NA,NA,NA,NA,NA,NA,NA,NA,NA,1,NA,NA,NA,NA,NA,1,NA,2,1
Nick Bawden,RB,NYJ,2021,NA,NA,NA,NA,NA,NA,NA,NA,NA,NA,1,NA,NA,NA,NA,NA,NA,NA,1,1
Duke Johnson Jr.,RB,MIA,2021,NA,NA,NA,NA,NA,NA,NA,NA,NA,NA,0,NA,NA,NA,1,0,3,1,5,1
Tyree Jackson,TE,PHI,2021,NA,NA,NA,NA,NA,NA,NA,NA,NA,NA,1,NA,NA,NA,NA,1,NA,5,7,2.3
Nick Vannett,TE,NO,2021,NA,NA,NA,NA,NA,NA,NA,NA,NA,NA,1,1,4,6,1,1,NA,1,15,2.1
Ja'Marcus Bradley,WR,CLE,2021,NA,NA,NA,NA,NA,NA,NA,NA,NA,NA,2,2,NA,NA,NA,NA,0,0,4,1
Clark Harris,TE,CIN,2021,NA,NA,NA,NA,NA,NA,NA,NA,NA,NA,0,NA,NA,NA,NA,NA,NA,NA,0,0
Daurice Fountain,WR,KC,2021,NA,NA,NA,NA,NA,NA,NA,NA,NA,NA,0,NA,NA,NA,NA,NA,NA,NA,0,0
Tre' McKitty,TE,LAC,2021,NA,NA,NA,NA,NA,NA,NA,NA,NA,NA,1,1,NA,NA,1,1,3,1,8,1.3
Breshad Perriman,WR,TB,2021,NA,NA,NA,NA,NA,NA,NA,NA,NA,NA,4,NA,3,2,NA,NA,3,6,18,3.6
Elijah McGuire,RB,KC,2021,NA,NA,NA,NA,NA,NA,NA,NA,NA,NA,0,NA,NA,NA,NA,NA,0,0,0,0
Isaiah Coulter,WR,CHI,2021,NA,NA,NA,NA,NA,NA,NA,NA,NA,NA,NA,1,NA,NA,NA,NA,NA,NA,1,1
Adam Prentice,RB,NO,2021,NA,NA,NA,NA,NA,NA,NA,NA,NA,NA,NA,1,NA,0,NA,0,1,1,3,0.6
Marquez Stevenson,WR,BUF,2021,NA,NA,NA,NA,NA,NA,NA,NA,NA,NA,NA,0,NA,0,0,0,0,NA,0,0
Brandin Bryant,RB,BUF,2021,NA,NA,NA,NA,NA,NA,NA,NA,NA,NA,NA,0,NA,0,0,NA,NA,NA,0,0
Austin Walter,RB,NYJ,2021,NA,NA,NA,NA,NA,NA,NA,NA,NA,NA,NA,1,2,NA,0,NA,0,NA,3,0.8
Cody Hollister,WR,TEN,2021,NA,NA,NA,NA,NA,NA,NA,NA,NA,NA,NA,4,NA,1,2,NA,NA,NA,7,2.3
Matt Cole,WR,CAR,2021,NA,NA,NA,NA,NA,NA,NA,NA,NA,NA,NA,0,NA,NA,NA,NA,NA,NA,0,0
Darius Bradwell,RB,LAC,2021,NA,NA,NA,NA,NA,NA,NA,NA,NA,NA,NA,1,NA,NA,NA,NA,0,NA,1,0.5
Michael Bandy,WR,LAC,2021,NA,NA,NA,NA,NA,NA,NA,NA,NA,NA,NA,0,NA,NA,NA,0,NA,NA,0,0
B.J. Emmons,RB,SEA,2021,NA,NA,NA,NA,NA,NA,NA,NA,NA,NA,NA,0,NA,NA,NA,NA,NA,NA,0,0
Pooka Williams Jr.,RB,CIN,2021,NA,NA,NA,NA,NA,NA,NA,NA,NA,NA,NA,NA,0,NA,NA,NA,NA,NA,0,0
Jaylen Samuels,RB,HOU,2021,NA,NA,NA,NA,NA,NA,NA,NA,NA,NA,NA,NA,1,NA,NA,0,3,NA,4,1.3
Davion Davis,WR,HOU,2021,NA,NA,NA,NA,NA,NA,NA,NA,NA,NA,NA,NA,2,1,NA,NA,NA,NA,3,1.5
Rodney Adams,WR,CHI,2021,NA,NA,NA,NA,NA,NA,NA,NA,NA,NA,NA,NA,1,NA,NA,NA,NA,NA,1,1
Wendell Smallwood,RB,WAS,2021,NA,NA,NA,NA,NA,NA,NA,NA,NA,NA,NA,NA,2,NA,NA,NA,3,NA,5,2.5
Sammis Reyes,TE,WAS,2021,NA,NA,NA,NA,NA,NA,NA,NA,NA,NA,NA,NA,0,NA,NA,0,0,NA,0,0
Brandon Powell,WR,LAR,2021,NA,NA,NA,NA,NA,NA,NA,NA,NA,NA,NA,NA,0,0,0,0,0,0,0,0
Nate McCrary,RB,BAL,2021,NA,NA,NA,NA,NA,NA,NA,NA,NA,NA,NA,NA,0,NA,NA,NA,NA,NA,0,0
Rashod Berry,TE,DET,2021,NA,NA,NA,NA,NA,NA,NA,NA,NA,NA,NA,NA,0,NA,0,0,NA,0,0,0
Sandro Platzgummer,RB,NYG,2021,NA,NA,NA,NA,NA,NA,NA,NA,NA,NA,NA,NA,0,0,0,NA,NA,NA,0,0
Jonathan Williams,RB,WAS,2021,NA,NA,NA,NA,NA,NA,NA,NA,NA,NA,NA,NA,NA,1,0,2,3,0,6,1.2
JaQuan Hardy,RB,DAL,2021,NA,NA,NA,NA,NA,NA,NA,NA,NA,NA,NA,NA,NA,0,NA,NA,NA,0,0,0
Trey Ragas,RB,LV,2021,NA,NA,NA,NA,NA,NA,NA,NA,NA,NA,NA,NA,NA,2,NA,NA,NA,NA,2,2
Vyncint Smith,WR,NYJ,2021,NA,NA,NA,NA,NA,NA,NA,NA,NA,NA,NA,NA,NA,1,NA,NA,NA,NA,1,1
D.J. Montgomery,WR,NYJ,2021,NA,NA,NA,NA,NA,NA,NA,NA,NA,NA,NA,NA,NA,6,NA,0,NA,NA,6,3
Easop Winston Jr.,WR,NO,2021,NA,NA,NA,NA,NA,NA,NA,NA,NA,NA,NA,NA,NA,1,0,0,NA,NA,1,0.3
Craig Reynolds,RB,DET,2021,NA,NA,NA,NA,NA,NA,NA,NA,NA,NA,NA,NA,NA,2,1,4,1,0,8,1.6
Shane Zylstra,TE,DET,2021,NA,NA,NA,NA,NA,NA,NA,NA,NA,NA,NA,NA,NA,6,1,0,NA,NA,7,2.3
Mitchell Wilcox,TE,CIN,2021,NA,NA,NA,NA,NA,NA,NA,NA,NA,NA,NA,NA,NA,0,0,0,NA,5,5,1.3
River Cracraft,WR,SF,2021,NA,NA,NA,NA,NA,NA,NA,NA,NA,NA,NA,NA,NA,0,0,NA,0,NA,0,0
Jake Hausmann,TE,NYG,2021,NA,NA,NA,NA,NA,NA,NA,NA,NA,NA,NA,NA,NA,0,NA,NA,NA,NA,0,0
Quinton Bell,WR,ATL,2021,NA,NA,NA,NA,NA,NA,NA,NA,NA,NA,NA,NA,NA,NA,0,NA,NA,NA,0,0
Brycen Hopkins,TE,LAR,2021,NA,NA,NA,NA,NA,NA,NA,NA,NA,NA,NA,NA,NA,NA,1,NA,NA,NA,1,1
Landen Akers,WR,LAR,2021,NA,NA,NA,NA,NA,NA,NA,NA,NA,NA,NA,NA,NA,NA,0,NA,NA,NA,0,0
Cody Thompson,WR,SEA,2021,NA,NA,NA,NA,NA,NA,NA,NA,NA,NA,NA,NA,NA,NA,0,NA,NA,0,0,0
Miller Forristall,TE,CLE,2021,NA,NA,NA,NA,NA,NA,NA,NA,NA,NA,NA,NA,NA,NA,0,NA,NA,NA,0,0
Alex Bachman,WR,NYG,2021,NA,NA,NA,NA,NA,NA,NA,NA,NA,NA,NA,NA,NA,NA,0,NA,NA,0,0,0
Tommylee Lewis,WR,MIA,2021,NA,NA,NA,NA,NA,NA,NA,NA,NA,NA,NA,NA,NA,NA,0,2,NA,NA,2,1
Jordan Veasy,WR,HOU,2021,NA,NA,NA,NA,NA,NA,NA,NA,NA,NA,NA,NA,NA,NA,0,NA,0,NA,0,0
Brian Hill,RB,SF,2021,NA,NA,NA,NA,NA,NA,NA,NA,NA,NA,NA,NA,NA,NA,0,NA,NA,NA,0,0
Andrew Beck,TE,DEN,2021,NA,NA,NA,NA,NA,NA,NA,NA,NA,NA,NA,NA,NA,NA,0,NA,NA,NA,0,0
Trent Taylor,WR,CIN,2021,NA,NA,NA,NA,NA,NA,NA,NA,NA,NA,NA,NA,NA,NA,0,0,0,3,3,0.8
Dazz Newsome,WR,CHI,2021,NA,NA,NA,NA,NA,NA,NA,NA,NA,NA,NA,NA,NA,NA,1,2,NA,2,5,1.7
Ethan Wolf,TE,NO,2021,NA,NA,NA,NA,NA,NA,NA,NA,NA,NA,NA,NA,NA,NA,NA,2,NA,NA,2,2
Kawaan Baker,WR,NO,2021,NA,NA,NA,NA,NA,NA,NA,NA,NA,NA,NA,NA,NA,NA,NA,0,NA,NA,0,0
Farrod Green,TE,IND,2021,NA,NA,NA,NA,NA,NA,NA,NA,NA,NA,NA,NA,NA,NA,NA,0,NA,NA,0,0
James Winchester,TE,KC,2021,NA,NA,NA,NA,NA,NA,NA,NA,NA,NA,NA,NA,NA,NA,NA,0,NA,NA,0,0
Osirus Mitchell,WR,DAL,2021,NA,NA,NA,NA,NA,NA,NA,NA,NA,NA,NA,NA,NA,NA,NA,0,NA,NA,0,0
Marvin Hall,WR,ATL,2021,NA,NA,NA,NA,NA,NA,NA,NA,NA,NA,NA,NA,NA,NA,NA,1,NA,NA,1,1
Nathan Cottrell,RB,JAC,2021,NA,NA,NA,NA,NA,NA,NA,NA,NA,NA,NA,NA,NA,NA,NA,0,0,0,0,0
Reggie Bonnafon,RB,CAR,2021,NA,NA,NA,NA,NA,NA,NA,NA,NA,NA,NA,NA,NA,NA,NA,2,NA,NA,2,2
Stephen Sullivan,TE,CAR,2021,NA,NA,NA,NA,NA,NA,NA,NA,NA,NA,NA,NA,NA,NA,NA,1,NA,NA,1,1
Kenjon Barner,RB,TB,2021,NA,NA,NA,NA,NA,NA,NA,NA,NA,NA,NA,NA,NA,NA,NA,0,0,0,0,0
Jalen Camp,WR,HOU,2021,NA,NA,NA,NA,NA,NA,NA,NA,NA,NA,NA,NA,NA,NA,NA,0,NA,NA,0,0
Jason Moore Jr.,WR,LAC,2021,NA,NA,NA,NA,NA,NA,NA,NA,NA,NA,NA,NA,NA,NA,NA,4,NA,NA,4,4
Kristian Wilkerson,WR,NE,2021,NA,NA,NA,NA,NA,NA,NA,NA,NA,NA,NA,NA,NA,NA,NA,NA,8,NA,8,8
Ryquell Armstead,RB,JAC,2021,NA,NA,NA,NA,NA,NA,NA,NA,NA,NA,NA,NA,NA,NA,NA,NA,2,2,4,2
Seth Williams,WR,DEN,2021,NA,NA,NA,NA,NA,NA,NA,NA,NA,NA,NA,NA,NA,NA,NA,NA,1,NA,1,1
Ryan Switzer,WR,CLE,2021,NA,NA,NA,NA,NA,NA,NA,NA,NA,NA,NA,NA,NA,NA,NA,NA,0,NA,0,0
Tarik Black,WR,NYJ,2021,NA,NA,NA,NA,NA,NA,NA,NA,NA,NA,NA,NA,NA,NA,NA,NA,NA,2,2,2
C.J. Saunders,WR,CAR,2021,NA,NA,NA,NA,NA,NA,NA,NA,NA,NA,NA,NA,NA,NA,NA,NA,NA,2,2,2
Josh Johnson,RB,SEA,2021,NA,NA,NA,NA,NA,NA,NA,NA,NA,NA,NA,NA,NA,NA,NA,NA,NA,0,0,0
Jason Huntley,RB,PHI,2021,NA,NA,NA,NA,NA,NA,NA,NA,NA,NA,NA,NA,NA,NA,NA,NA,NA,1,1,1
Richard Rodgers,TE,PHI,2021,NA,NA,NA,NA,NA,NA,NA,NA,NA,NA,NA,NA,NA,NA,NA,NA,NA,2,2,2
Noah Togiai,TE,PHI,2021,NA,NA,NA,NA,NA,NA,NA,NA,NA,NA,NA,NA,NA,NA,NA,NA,NA,0,0,0
Ito Smith,RB,DAL,2021,NA,NA,NA,NA,NA,NA,NA,NA,NA,NA,NA,NA,NA,NA,NA,NA,NA,0,0,0
Brandon Powell,WR,LAR,2022,1,1,3,0,0,5,NA,0,1,1,2,2,4,2,2,3,NA,NA,27,1.8
Cam Akers,RB,LAR,2022,0,3,0,1,1,NA,NA,NA,0,1,0,0,1,1,3,2,NA,NA,13,1
Darrell Henderson Jr.,RB,LAR,2022,5,0,1,4,5,3,NA,2,1,1,0,NA,NA,NA,NA,NA,NA,NA,22,2.2
Tyler Higbee,TE,LAR,2022,11,9,4,14,10,2,NA,6,1,8,8,NA,5,3,5,11,NA,NA,97,6.9
Allen Robinson II,WR,LAR,2022,2,5,5,6,5,6,NA,7,5,6,5,NA,NA,NA,NA,NA,NA,NA,52,5.2
Tutu Atwell,WR,LAR,2022,1,NA,1,NA,2,0,NA,NA,NA,NA,1,2,5,9,4,2,NA,NA,27,2.7
Ben Skowronek,WR,LAR,2022,6,3,4,3,8,5,NA,1,2,7,4,4,3,8,3,NA,NA,NA,61,4.4
Cooper Kupp,WR,LAR,2022,15,14,6,19,10,8,NA,12,9,5,NA,NA,NA,NA,NA,NA,NA,NA,98,10.9
Zack Moss,RB,IND,2022,6,1,1,0,0,NA,NA,NA,NA,0,0,0,0,NA,1,1,NA,NA,10,0.9
James Cook,RB,BUF,2022,0,1,5,1,0,0,NA,1,4,0,1,5,6,1,3,2,NA,NA,30,2
Devin Singletary,RB,BUF,2022,2,3,11,5,2,5,NA,2,5,2,2,1,2,2,4,3,NA,NA,51,3.4
Dawson Knox,TE,BUF,2022,2,5,4,6,NA,3,NA,3,4,6,7,2,1,7,8,5,NA,NA,63,4.5
Jamison Crowder,WR,BUF,2022,4,2,3,4,NA,NA,NA,NA,NA,NA,NA,NA,NA,NA,NA,NA,NA,NA,13,3.3
Stefon Diggs,WR,BUF,2022,9,15,11,6,11,13,NA,8,10,16,5,15,9,5,9,2,NA,NA,144,9.6
Isaiah McKenzie,WR,BUF,2022,3,3,9,6,NA,5,NA,1,3,4,1,10,5,5,5,2,NA,NA,62,4.4
Gabe Davis,WR,BUF,2022,5,NA,6,3,6,6,NA,7,5,10,7,5,7,4,6,6,NA,NA,83,5.9
Taiwan Jones,RB,BUF,2022,0,0,NA,NA,0,NA,NA,NA,NA,NA,NA,NA,NA,0,0,0,NA,NA,0,0
Avery Williams,RB,ATL,2022,1,1,0,0,2,1,1,2,1,0,0,0,0,NA,2,2,NA,NA,13,0.9
Cordarrelle Patterson,RB,ATL,2022,5,1,1,0,NA,NA,NA,NA,1,1,2,5,0,NA,3,1,NA,NA,20,1.8
Damien Williams,RB,ATL,2022,0,NA,NA,NA,NA,NA,NA,NA,NA,NA,NA,NA,NA,NA,NA,NA,NA,NA,0,0
Parker Hesse,TE,ATL,2022,2,1,0,1,1,NA,NA,1,NA,0,NA,2,1,NA,0,1,NA,NA,10,0.9
Olamide Zaccheaus,WR,ATL,2022,4,2,2,2,4,4,4,1,2,4,2,8,5,NA,3,7,NA,NA,54,3.6
Anthony Firkser,TE,ATL,2022,2,NA,1,NA,1,NA,NA,NA,NA,NA,NA,1,2,NA,2,3,NA,NA,12,1.7
KhaDarel Hodge,WR,ATL,2022,3,3,NA,1,5,0,0,NA,2,2,1,NA,2,NA,0,0,NA,NA,19,1.6
Drake London,WR,ATL,2022,7,12,6,7,7,4,1,5,7,6,3,4,12,NA,11,9,NA,NA,101,6.7
Kyle Pitts,TE,ATL,2022,7,3,8,4,NA,3,5,9,7,8,5,NA,NA,NA,NA,NA,NA,NA,59,5.9
Bryan Edwards,WR,ATL,2022,1,2,NA,NA,1,NA,NA,1,NA,NA,NA,NA,NA,NA,NA,NA,NA,NA,5,1.3
Quinton Bell,WR,ATL,2022,0,NA,NA,NA,NA,0,NA,NA,NA,NA,NA,NA,0,NA,NA,NA,NA,NA,0,0
Mark Ingram II,RB,NO,2022,1,2,0,3,0,2,3,1,NA,NA,NA,1,5,NA,NA,NA,NA,NA,18,1.8
Alvin Kamara,RB,NO,2022,4,NA,7,NA,6,9,9,10,4,4,5,7,3,NA,2,4,NA,NA,74,5.7
Taysom Hill,TE,NO,2022,1,0,NA,0,0,0,1,2,1,0,1,2,3,NA,0,0,NA,NA,11,0.8
Chris Olave,WR,NO,2022,3,13,13,7,6,NA,14,7,9,5,6,9,6,NA,4,NA,NA,NA,102,7.8
Juwan Johnson,TE,NO,2022,5,7,1,4,2,6,5,4,2,7,4,2,NA,NA,6,2,NA,NA,57,4.1
Michael Thomas,WR,NO,2022,8,9,5,NA,NA,NA,NA,NA,NA,NA,NA,NA,NA,NA,NA,NA,NA,NA,22,7.3
Jarvis Landry,WR,NO,2022,9,5,5,2,NA,NA,NA,NA,NA,6,4,4,3,NA,1,NA,NA,NA,39,4.3
Deonte Harty,WR,NO,2022,1,1,NA,0,0,NA,NA,NA,NA,NA,NA,NA,NA,NA,NA,NA,NA,NA,2,0.5
Breece Hall,RB,NYJ,2022,9,1,11,6,2,2,0,NA,NA,NA,NA,NA,NA,NA,NA,NA,NA,NA,31,4.4
Michael Carter,RB,NYJ,2022,9,5,2,3,2,1,2,7,1,NA,2,2,NA,6,1,5,NA,NA,48,3.4
Braxton Berrios,WR,NYJ,2022,6,0,1,1,1,1,4,1,2,NA,1,1,3,3,6,0,NA,NA,31,2.1
Corey Davis,WR,NYJ,2022,10,4,5,6,4,4,1,NA,NA,NA,NA,3,10,1,NA,7,NA,NA,55,5
Lawrence Cager,WR,NYG,2022,1,NA,NA,NA,NA,NA,NA,1,NA,2,3,2,NA,NA,NA,NA,NA,NA,9,1.8
Tyler Conklin,TE,NYJ,2022,7,9,8,5,1,2,6,10,2,NA,3,3,7,8,2,4,NA,NA,77,5.1
Elijah Moore,WR,NYJ,2022,7,5,9,4,4,0,0,1,NA,NA,4,2,6,10,7,3,NA,NA,62,4.4
Garrett Wilson,WR,NYJ,2022,8,14,11,6,4,5,4,7,9,NA,3,8,15,7,9,9,NA,NA,119,7.9
Justin Hardee,WR,NYJ,2022,0,0,NA,0,0,0,0,0,0,NA,0,NA,NA,0,NA,0,NA,NA,0,0
Justice Hill,RB,BAL,2022,2,0,0,2,NA,NA,0,0,1,NA,3,0,2,0,1,1,NA,NA,12,0.9
Kenyan Drake,RB,BAL,2022,1,0,NA,NA,1,2,1,4,2,NA,4,1,3,2,NA,NA,NA,NA,21,1.9
Mike Davis,RB,BAL,2022,0,0,NA,NA,0,NA,NA,NA,1,NA,1,NA,NA,NA,NA,NA,NA,NA,2,0.4
Rashod Bateman,WR,BAL,2022,5,7,4,6,NA,NA,5,1,NA,NA,NA,NA,NA,NA,NA,NA,NA,NA,28,4.7
Isaiah Likely,TE,BAL,2022,4,5,2,NA,2,4,1,7,5,NA,3,NA,4,NA,3,2,NA,NA,42,3.5
Devin Duvernay,WR,BAL,2022,4,2,2,5,7,5,3,4,1,NA,1,5,6,1,3,NA,NA,NA,49,3.5
Mark Andrews,TE,BAL,2022,7,11,13,5,10,11,2,5,NA,NA,8,7,7,6,7,5,NA,NA,104,7.4
Patrick Ricard,RB,BAL,2022,1,0,1,3,NA,1,2,0,1,NA,0,3,1,0,0,NA,NA,NA,13,1
Tylan Wallace,WR,BAL,2022,1,2,NA,NA,2,1,NA,NA,NA,NA,0,NA,NA,NA,NA,NA,NA,NA,6,1.2
Demarcus Robinson,WR,BAL,2022,4,2,1,3,2,5,NA,8,4,NA,9,4,8,6,6,1,NA,NA,63,4.5
James Proche II,WR,BAL,2022,0,NA,NA,NA,2,NA,0,4,2,NA,2,0,2,NA,2,0,NA,NA,14,1.4
Samaje Perine,RB,CIN,2022,5,1,2,1,4,2,2,3,2,NA,4,7,7,5,1,4,NA,NA,50,3.3
Joe Mixon,RB,CIN,2022,9,4,7,4,3,6,3,9,5,NA,3,NA,NA,2,6,9,NA,NA,70,5.4
Ja'Marr Chase,WR,CIN,2022,16,9,10,6,12,10,11,NA,NA,NA,NA,NA,8,15,13,11,NA,NA,121,11
Drew Sample,TE,CIN,2022,1,1,NA,NA,NA,NA,NA,NA,NA,NA,NA,NA,NA,NA,NA,NA,NA,NA,2,1
Tee Higgins,WR,CIN,2022,2,10,7,9,NA,9,7,6,8,NA,13,9,5,NA,8,9,NA,NA,102,7.8
Hayden Hurst,TE,CIN,2022,8,7,2,4,7,3,8,4,5,NA,3,9,3,NA,NA,NA,NA,NA,63,5.3
Mike Thomas,WR,CIN,2022,5,NA,NA,NA,3,NA,NA,1,0,NA,1,NA,NA,NA,NA,NA,NA,NA,10,2
Tyler Boyd,WR,CIN,2022,7,2,5,5,4,6,9,5,6,NA,7,4,5,1,5,4,NA,NA,75,5
Trent Taylor,WR,CIN,2022,0,0,0,0,0,0,0,1,2,NA,1,2,0,4,0,0,NA,NA,10,0.7
Stanley Morgan Jr.,WR,CIN,2022,0,NA,0,NA,1,NA,NA,NA,0,NA,0,0,0,0,0,NA,NA,NA,1,0.1
Najee Harris,RB,PIT,2022,2,6,3,0,4,3,4,6,NA,1,6,1,1,3,0,9,NA,NA,49,3.3
Jaylen Warren,RB,PIT,2022,1,1,1,1,5,0,2,3,NA,3,1,NA,2,3,1,2,NA,NA,26,1.9
Chase Claypool,WR,CHI,2022,6,6,6,2,9,7,8,6,6,2,3,5,6,NA,NA,NA,NA,NA,72,5.5
Pat Freiermuth,TE,PIT,2022,10,7,4,9,2,NA,9,7,NA,7,12,4,5,6,NA,8,NA,NA,90,6.9
Zach Gentry,TE,PIT,2022,2,NA,NA,1,6,1,2,1,NA,1,3,1,1,1,1,1,NA,NA,22,1.7
Miles Boykin,WR,PIT,2022,1,0,0,NA,1,0,NA,0,NA,NA,NA,NA,NA,0,1,NA,NA,NA,3,0.4
George Pickens,WR,PIT,2022,3,2,7,8,8,6,6,3,NA,4,6,6,2,3,5,5,NA,NA,74,4.9
Diontae Johnson,WR,PIT,2022,12,10,11,4,13,7,10,9,NA,5,5,8,11,8,10,7,NA,NA,130,8.7
Gunner Olszewski,WR,PIT,2022,0,0,0,0,NA,0,0,0,NA,1,3,0,0,2,1,NA,NA,NA,7,0.5
Connor Heyward,TE,PIT,2022,0,0,NA,NA,2,3,1,0,NA,2,0,0,1,1,0,3,NA,NA,13,1
Benny Snell Jr.,RB,PIT,2022,0,NA,NA,0,NA,NA,0,NA,NA,0,NA,1,1,0,NA,0,NA,NA,2,0.3
Raheem Mostert,RB,MIA,2022,1,3,2,3,3,2,5,1,2,4,NA,NA,0,1,2,3,NA,NA,32,2.3
Tyreek Hill,WR,MIA,2022,12,13,4,14,7,15,13,14,8,6,NA,9,14,10,13,6,NA,NA,158,10.5
Alec Ingold,RB,MIA,2022,2,2,1,NA,NA,2,NA,1,NA,4,NA,1,4,1,2,2,NA,NA,22,2
Cedrick Wilson Jr.,WR,MIA,2022,2,1,NA,NA,4,NA,0,1,2,1,NA,3,0,2,2,0,NA,NA,18,1.5
Jaylen Waddle,WR,MIA,2022,5,19,6,5,4,10,5,9,7,5,NA,10,5,4,7,6,NA,NA,107,7.1
Chase Edmonds,RB,DEN,2022,4,3,1,3,2,2,2,0,NA,2,0,NA,NA,NA,NA,2,NA,NA,21,1.9
Trent Sherfield,WR,MIA,2022,2,2,1,6,2,4,3,2,3,5,NA,5,3,4,1,2,NA,NA,45,3
Mike Gesicki,TE,MIA,2022,1,4,1,4,2,7,7,4,2,3,NA,1,1,2,1,2,NA,NA,42,2.8
Durham Smythe,TE,MIA,2022,2,1,3,0,1,NA,NA,NA,2,0,NA,1,2,NA,1,1,NA,NA,14,1.3
Ty Montgomery,RB,NE,2022,4,NA,NA,NA,NA,NA,NA,NA,NA,NA,NA,NA,NA,NA,NA,NA,NA,NA,4,4
Jakobi Meyers,WR,NE,2022,6,13,NA,NA,8,4,2,13,6,NA,6,4,5,NA,6,7,NA,NA,80,6.7
Damien Harris,RB,NE,2022,3,2,3,1,1,NA,2,2,NA,NA,2,0,NA,NA,NA,NA,NA,NA,16,1.8
Rhamondre Stevenson,RB,NE,2022,2,2,5,5,2,5,8,7,7,NA,6,10,8,3,3,5,NA,NA,78,5.2
Nelson Agholor,WR,NE,2022,5,6,3,4,1,NA,1,1,NA,NA,3,8,3,10,6,0,NA,NA,51,3.9
Kendrick Bourne,WR,NE,2022,1,3,5,3,1,1,NA,1,4,NA,1,4,2,5,1,9,NA,NA,41,2.9
Hunter Henry,TE,NE,2022,3,1,1,4,5,7,2,1,4,NA,1,5,5,3,4,NA,NA,NA,46,3.3
DeVante Parker,WR,NE,2022,2,2,10,2,0,6,5,1,NA,NA,2,4,4,2,NA,NA,NA,NA,40,3.3
Jonnu Smith,TE,NE,2022,4,3,4,NA,NA,2,3,4,3,NA,4,NA,2,2,3,4,NA,NA,38,3.2
Jahan Dotson,WR,WAS,2022,5,5,8,4,NA,NA,NA,NA,NA,1,2,1,9,NA,6,9,NA,NA,50,5
Curtis Samuel,WR,WAS,2022,11,9,10,7,8,5,8,4,4,4,2,0,7,NA,5,5,NA,NA,89,5.9
J.D. McKissic,RB,WAS,2022,3,7,9,4,7,3,2,5,NA,NA,NA,NA,NA,NA,0,NA,NA,NA,40,4.4
Antonio Gibson,RB,WAS,2022,8,4,1,3,4,4,4,7,3,3,3,3,4,NA,4,3,NA,NA,58,3.9
Cam Sims,WR,WAS,2022,1,2,NA,NA,2,2,2,2,1,1,1,NA,2,NA,NA,0,NA,NA,16,1.5
Armani Rogers,TE,WAS,2022,1,NA,0,NA,0,0,3,2,0,0,NA,NA,NA,NA,NA,NA,NA,NA,6,0.8
Dax Milne,WR,WAS,2022,1,1,1,0,0,1,1,1,1,0,0,NA,NA,NA,0,0,NA,NA,7,0.5
John Bates,TE,WAS,2022,1,3,1,6,3,NA,NA,1,2,NA,1,4,NA,NA,0,NA,NA,NA,22,2.2
Terry McLaurin,WR,WAS,2022,4,8,9,6,6,4,8,8,9,11,7,6,12,NA,6,5,NA,NA,109,7.3
Logan Thomas,TE,WAS,2022,6,5,3,6,NA,NA,NA,NA,3,4,6,3,4,NA,3,8,NA,NA,51,4.6
Jonathan Williams,RB,WAS,2022,0,NA,0,0,0,NA,NA,NA,NA,NA,NA,0,0,NA,NA,3,NA,NA,3,0.4
Travis Etienne Jr.,RB,JAC,2022,4,3,3,1,5,2,5,3,2,3,NA,0,3,0,3,3,NA,NA,40,2.7
James Robinson,RB,NYJ,2022,2,2,3,0,2,1,1,1,2,NA,0,NA,0,NA,NA,NA,NA,NA,14,1.3
Jamal Agnew,WR,JAC,2022,1,1,1,6,1,1,NA,NA,0,4,NA,5,1,3,3,1,NA,NA,28,2.2
Christian Kirk,WR,JAC,2022,12,6,9,9,3,5,10,7,9,12,NA,9,8,7,10,6,NA,NA,122,8.1
Evan Engram,TE,JAC,2022,4,8,3,1,10,6,7,6,2,4,NA,1,7,15,10,8,NA,NA,92,6.1
Zay Jones,WR,JAC,2022,9,4,11,NA,8,5,10,3,5,10,NA,14,7,12,8,4,NA,NA,110,7.9
Marvin Jones Jr.,WR,JAC,2022,6,5,7,1,11,NA,8,3,6,3,NA,3,4,1,6,4,NA,NA,68,4.9
David Montgomery,RB,CHI,2022,4,2,0,NA,4,1,0,3,2,1,4,4,5,NA,3,4,NA,NA,37,2.6
Khalil Herbert,RB,CHI,2022,1,1,2,1,0,0,2,0,0,0,NA,NA,NA,NA,NA,3,NA,NA,10,0.9
Ryan Griffin,TE,CHI,2022,2,1,NA,NA,1,1,1,NA,NA,0,0,NA,NA,NA,0,1,NA,NA,7,0.8
Byron Pringle,WR,CHI,2022,2,0,1,NA,NA,NA,NA,NA,NA,2,0,2,NA,NA,2,2,NA,NA,11,1.4
Darnell Mooney,WR,CHI,2022,3,2,6,5,5,12,6,5,8,4,5,NA,NA,NA,NA,NA,NA,NA,61,5.5
Equanimeous St. Brown,WR,CHI,2022,3,4,2,2,2,0,7,3,2,0,2,2,4,NA,1,NA,NA,NA,34,2.4
Dante Pettis,WR,CHI,2022,1,0,0,3,2,7,1,5,1,1,0,2,2,NA,4,5,NA,NA,34,2.3
Cole Kmet,TE,CHI,2022,1,1,3,3,4,3,3,2,6,7,4,6,7,NA,5,6,NA,NA,61,4.1
Trestan Ebner,RB,CHI,2022,0,0,1,3,NA,NA,0,0,NA,NA,1,NA,0,NA,1,NA,NA,NA,6,0.7
Jeff Wilson Jr.,RB,MIA,2022,2,2,3,0,2,1,1,2,3,5,NA,3,2,0,NA,2,NA,NA,28,2
Elijah Mitchell,RB,SF,2022,0,NA,NA,NA,NA,NA,NA,NA,NA,2,0,2,NA,NA,NA,NA,NA,NA,4,1
Brandon Aiyuk,WR,SF,2022,3,8,8,4,4,11,11,6,NA,7,4,8,9,3,4,7,NA,NA,97,6.5
Deebo Samuel,WR,SF,2022,7,6,8,7,9,10,7,NA,NA,6,9,7,10,5,NA,NA,NA,NA,91,7.6
Kyle Juszczyk,RB,SF,2022,2,1,1,1,2,4,4,NA,NA,NA,0,2,3,2,NA,NA,NA,NA,22,2
Jauan Jennings,WR,SF,2022,6,2,3,4,2,3,4,NA,NA,4,2,7,4,2,5,3,NA,NA,51,3.6
Ray-Ray McCloud III,WR,SF,2022,2,2,1,3,0,1,4,2,NA,1,1,1,0,1,3,1,NA,NA,23,1.5
Tyler Kroft,TE,SF,2022,2,NA,NA,NA,NA,NA,NA,1,NA,NA,NA,NA,1,0,1,0,NA,NA,5,0.8
Ross Dwelley,TE,SF,2022,2,1,NA,1,0,NA,NA,1,NA,NA,NA,NA,NA,NA,NA,NA,NA,NA,5,1
Jordan Mason,RB,SF,2022,0,0,0,NA,0,NA,NA,NA,NA,NA,0,0,0,0,0,0,NA,NA,0,0
Chuba Hubbard,RB,CAR,2022,0,0,0,0,NA,1,3,NA,NA,0,3,0,NA,3,3,0,NA,NA,13,1.1
D'Onta Foreman,RB,CAR,2022,0,0,NA,0,0,0,2,1,3,1,1,0,NA,1,0,0,NA,NA,9,0.6
Christian McCaffrey,RB,SF,2022,5,5,4,9,12,8,2,9,NA,6,7,6,10,3,8,2,NA,NA,96,6.4
DJ Moore,WR,CAR,2022,6,6,6,11,8,7,10,11,6,6,5,6,NA,3,6,7,NA,NA,104,6.9
Shi Smith,WR,CAR,2022,3,6,2,2,5,2,0,1,2,1,5,0,NA,2,3,2,NA,NA,36,2.4
Robbie Anderson,WR,ARI,2022,8,5,4,5,5,NA,1,3,3,NA,NA,3,NA,4,2,NA,NA,NA,43,3.9
Tommy Tremble,TE,CAR,2022,1,NA,1,6,1,NA,1,4,4,1,0,2,NA,2,3,2,NA,NA,28,2.2
Ian Thomas,TE,CAR,2022,3,3,3,3,2,2,1,1,NA,NA,4,2,NA,2,0,3,NA,NA,29,2.2
Andre Roberts,WR,CAR,2022,0,NA,NA,NA,NA,NA,NA,NA,NA,NA,NA,NA,NA,NA,NA,NA,NA,NA,0,0
Giovanni Ricci,TE,CAR,2022,0,1,2,0,3,NA,0,0,1,1,NA,NA,NA,NA,NA,NA,NA,NA,8,0.9
Kareem Hunt,RB,CLE,2022,4,2,4,3,3,1,2,4,NA,1,2,2,3,4,1,3,NA,NA,39,2.6
Anthony Schwartz,WR,CLE,2022,2,NA,NA,NA,1,3,NA,NA,NA,1,0,2,1,NA,NA,NA,NA,NA,10,1.4
Nick Chubb,RB,CLE,2022,1,3,1,3,1,2,3,1,NA,4,3,1,1,3,2,1,NA,NA,30,2
Donovan Peoples-Jones,WR,CLE,2022,11,1,3,9,7,5,6,4,NA,9,6,4,3,12,4,5,NA,NA,89,5.9
Demetric Felton Jr.,RB,CLE,2022,1,1,NA,NA,NA,NA,NA,0,NA,NA,NA,NA,1,0,1,NA,NA,NA,4,0.7
Amari Cooper,WR,CLE,2022,6,10,11,4,12,12,4,7,NA,3,12,12,9,7,6,10,NA,NA,125,8.3
Harrison Bryant,TE,CLE,2022,4,4,NA,6,1,4,2,NA,NA,3,7,2,1,1,2,NA,NA,NA,37,3.1
David Njoku,TE,CLE,2022,1,5,10,7,6,6,7,NA,NA,NA,3,7,NA,9,6,5,NA,NA,72,6
Jerome Ford,RB,CLE,2022,0,0,0,0,NA,NA,NA,NA,NA,0,0,0,0,0,0,0,NA,NA,0,0
Rex Burkhead,RB,HOU,2022,8,3,5,5,3,NA,6,1,2,2,NA,2,NA,1,4,2,NA,NA,44,3.4
Dameon Pierce,RB,HOU,2022,1,1,2,6,5,NA,4,5,0,3,3,6,3,0,NA,NA,NA,NA,39,3
O.J. Howard,TE,HOU,2022,2,1,1,5,1,NA,NA,3,2,1,3,2,NA,NA,NA,NA,NA,NA,21,2.1
Chris Conley,WR,TEN,2022,2,NA,NA,NA,NA,NA,NA,NA,1,NA,NA,NA,NA,1,3,NA,NA,NA,7,1.8
Brandin Cooks,WR,HOU,2022,12,10,7,7,6,NA,5,6,NA,7,6,5,NA,NA,NA,9,NA,NA,80,7.3
Brevin Jordan,TE,HOU,2022,2,4,NA,NA,NA,NA,4,5,2,NA,NA,NA,5,NA,1,2,NA,NA,25,3.1
Nico Collins,WR,HOU,2022,3,9,4,5,6,NA,3,NA,NA,10,7,9,10,NA,NA,NA,NA,NA,66,6.6
Pharaoh Brown,TE,CLE,2022,1,5,4,NA,NA,3,0,0,NA,5,1,NA,1,NA,NA,NA,NA,NA,20,2.2
Phillip Dorsett II,WR,HOU,2022,1,NA,1,2,0,NA,3,5,5,4,1,2,3,3,1,3,NA,NA,34,2.4
Chris Moore,WR,HOU,2022,3,4,3,2,NA,NA,4,NA,5,6,7,3,3,11,8,4,NA,NA,63,4.8
Nyheim Hines,RB,BUF,2022,6,5,6,2,2,NA,5,2,1,1,1,0,2,1,1,2,NA,NA,37,2.5
Jonathan Taylor,RB,IND,2022,7,1,5,3,NA,NA,8,1,NA,2,4,4,4,NA,1,NA,NA,NA,40,3.6
Parris Campbell,WR,IND,2022,4,2,2,4,3,11,12,2,5,9,6,3,5,NA,3,5,NA,NA,76,5.1
Michael Pittman Jr.,WR,IND,2022,13,NA,9,6,8,16,9,9,6,9,7,11,4,NA,14,7,NA,NA,128,9.1
Mike Strachan,WR,IND,2022,2,3,NA,1,NA,2,NA,NA,NA,NA,NA,NA,NA,NA,0,NA,NA,NA,8,1.6
Kylen Granson,TE,IND,2022,7,2,2,4,3,4,1,3,1,4,1,NA,6,NA,2,NA,NA,NA,40,3.1
Mo Alie-Cox,TE,IND,2022,2,3,3,6,1,NA,NA,1,2,NA,1,3,1,NA,1,2,NA,NA,26,2.2
Ashton Dulin,WR,IND,2022,6,7,1,3,1,NA,NA,NA,NA,NA,0,0,2,NA,2,0,NA,NA,22,2.2
Alec Pierce,WR,IND,2022,2,NA,5,6,9,7,4,5,2,2,8,2,8,NA,5,4,NA,NA,69,4.9
Jamaal Williams,RB,DET,2022,2,1,2,3,0,NA,1,3,0,0,0,0,0,1,0,2,NA,NA,15,1
D'Andre Swift,RB,DET,2022,3,5,4,NA,NA,NA,NA,5,4,3,3,8,6,4,9,5,NA,NA,59,4.9
Amon-Ra St. Brown,WR,DET,2022,12,12,9,NA,6,NA,1,10,9,11,8,10,12,9,10,13,NA,NA,132,9.4
Josh Reynolds,WR,DET,2022,3,3,10,8,10,NA,2,6,NA,NA,NA,NA,4,6,NA,4,NA,NA,56,5.6
DJ Chark Jr.,WR,DET,2022,8,4,6,NA,NA,NA,NA,NA,NA,NA,1,5,6,7,2,5,NA,NA,44,4.9
T.J. Hockenson,TE,MIN,2022,7,7,4,12,4,NA,5,4,9,10,9,6,6,8,9,16,NA,NA,116,7.7
Kalif Raymond,WR,DET,2022,2,0,1,5,7,NA,6,4,3,3,7,6,2,2,6,1,NA,NA,55,3.7
Boston Scott,RB,PHI,2022,0,1,0,NA,NA,0,NA,0,0,0,2,0,1,1,0,0,NA,NA,5,0.4
Miles Sanders,RB,PHI,2022,2,3,1,3,3,1,NA,0,0,1,1,3,2,3,1,1,NA,NA,25,1.7
Kenneth Gainwell,RB,PHI,2022,4,2,0,2,0,0,NA,1,3,2,0,1,4,1,2,4,NA,NA,26,1.7
Dallas Goedert,TE,PHI,2022,4,6,4,6,9,6,NA,6,9,3,NA,NA,NA,NA,NA,3,NA,NA,56,5.6
Zach Pascal,WR,PHI,2022,1,2,3,1,NA,0,NA,2,1,2,1,0,3,1,1,1,NA,NA,19,1.4
Noah Togiai,TE,PHI,2022,1,NA,NA,NA,NA,NA,NA,NA,NA,NA,NA,NA,NA,NA,NA,NA,NA,NA,1,1
A.J. Brown,WR,PHI,2022,13,8,10,7,7,8,NA,10,6,4,7,6,10,6,16,8,NA,NA,126,8.4
DeVonta Smith,WR,PHI,2022,4,7,12,4,11,5,NA,8,2,8,9,9,8,8,8,12,NA,NA,115,7.7
Britain Covey,WR,PHI,2022,0,0,0,0,0,0,NA,0,0,0,0,0,0,0,0,0,NA,NA,0,0
Quez Watkins,WR,PHI,2022,0,2,1,1,4,1,NA,2,2,4,2,5,6,5,6,5,NA,NA,46,3.1
Joshua Kelley,RB,LAC,2022,2,2,2,2,2,NA,NA,NA,NA,NA,NA,3,1,2,2,1,NA,NA,19,1.9
Joshua Palmer,WR,LAC,2022,4,8,9,1,6,12,NA,NA,10,8,10,7,11,6,5,3,NA,NA,100,7.1
Zander Horvath,RB,LAC,2022,2,2,1,1,0,1,NA,NA,NA,1,0,NA,NA,NA,NA,NA,NA,NA,8,1
Sony Michel,RB,LAC,2022,0,1,2,3,0,3,3,NA,1,0,0,NA,NA,NA,NA,NA,NA,NA,13,1.3
Austin Ekeler,RB,LAC,2022,4,10,8,7,4,16,12,NA,8,12,2,15,6,8,3,4,NA,NA,119,7.9
Mike Williams,WR,LAC,2022,4,10,6,11,13,6,9,NA,NA,NA,1,NA,NA,6,8,4,NA,NA,78,7.1
Tre' McKitty,TE,LAC,2022,4,NA,0,1,2,0,0,NA,NA,6,NA,0,1,1,NA,2,NA,NA,17,1.5
Richard Rodgers,TE,LAC,2022,1,NA,NA,NA,NA,NA,NA,NA,2,1,NA,NA,NA,NA,NA,NA,NA,NA,4,1.3
Keenan Allen,WR,LAC,2022,4,NA,NA,NA,NA,NA,2,NA,NA,NA,8,7,14,14,9,14,NA,NA,72,9
Gerald Everett,TE,LAC,2022,4,10,6,6,3,7,9,NA,8,2,NA,4,6,8,6,NA,NA,NA,79,6.1
DeAndre Carter,WR,LAC,2022,4,3,4,3,2,5,7,NA,6,4,3,10,2,2,2,0,NA,NA,57,3.8
Jalen Guyton,WR,LAC,2022,1,NA,3,NA,NA,NA,NA,NA,NA,NA,NA,NA,NA,NA,NA,NA,NA,NA,4,2
Brandon Bolden,RB,LV,2022,2,NA,2,1,3,NA,0,NA,1,NA,1,NA,NA,0,0,0,NA,NA,10,1
Josh Jacobs,RB,LV,2022,1,1,5,6,5,NA,4,4,3,8,4,7,2,2,3,1,NA,NA,56,3.7
Hunter Renfrow,WR,LV,2022,6,10,NA,NA,4,NA,3,2,4,NA,NA,NA,NA,NA,3,7,NA,NA,39,4.9
Ameer Abdullah,RB,LV,2022,1,1,0,0,0,NA,2,5,3,4,4,3,1,2,2,2,NA,NA,30,2
Mack Hollins,WR,LV,2022,1,8,11,5,4,NA,3,8,4,6,9,5,9,4,8,2,NA,NA,87,5.8
Jakob Johnson,RB,LV,2022,1,NA,0,NA,1,NA,0,NA,0,0,1,1,NA,1,0,NA,NA,NA,5,0.5
Darren Waller,TE,LV,2022,6,8,5,5,NA,NA,NA,0,NA,NA,NA,NA,NA,NA,3,5,NA,NA,32,4.6
Davante Adams,WR,LV,2022,17,7,10,13,7,NA,9,5,17,14,13,11,12,7,9,9,NA,NA,160,10.7
Dalvin Cook,RB,MIN,2022,5,6,0,2,2,1,NA,6,6,5,1,5,3,2,4,4,NA,NA,52,3.5
Alexander Mattison,RB,MIN,2022,0,5,1,1,4,0,NA,0,1,1,1,0,2,0,0,0,NA,NA,16,1.1
Irv Smith Jr.,TE,MIN,2022,2,8,6,4,5,4,NA,4,NA,NA,NA,NA,NA,NA,NA,NA,NA,NA,33,4.7
Adam Thielen,WR,MIN,2022,4,7,8,9,7,8,NA,7,7,7,3,10,6,8,4,5,NA,NA,100,6.7
Ben Ellefson,TE,MIN,2022,1,NA,2,NA,NA,NA,NA,NA,NA,NA,NA,NA,NA,NA,NA,NA,NA,NA,3,1.5
C.J. Ham,RB,MIN,2022,1,NA,3,1,NA,0,NA,0,NA,0,NA,NA,0,1,1,1,NA,NA,8,0.8
K.J. Osborn,WR,MIN,2022,4,2,8,2,5,5,NA,5,2,11,3,2,3,5,16,4,NA,NA,77,5.1
Justin Jefferson,WR,MIN,2022,11,12,6,13,13,8,NA,8,13,16,5,11,11,15,16,16,NA,NA,174,11.6
Johnny Mundt,TE,MIN,2022,3,3,2,1,2,2,NA,1,1,NA,1,2,1,NA,1,1,NA,NA,21,1.6
Jalen Reagor,WR,MIN,2022,0,2,1,1,1,0,NA,0,0,0,1,1,1,1,2,0,NA,NA,11,0.7
Kene Nwangwu,RB,MIN,2022,0,0,0,0,0,0,NA,0,0,0,1,0,NA,NA,0,NA,NA,NA,1,0.1
Christian Watson,WR,GB,2022,4,3,NA,3,1,NA,NA,1,2,8,6,6,6,NA,6,8,NA,NA,54,4.5
Aaron Jones,RB,GB,2022,5,3,4,4,3,4,10,5,2,2,7,4,5,NA,5,2,NA,NA,65,4.3
AJ Dillon,RB,GB,2022,6,3,3,2,0,6,0,1,4,0,1,4,3,NA,3,3,NA,NA,39,2.6
Romeo Doubs,WR,GB,2022,5,3,8,8,5,9,4,7,1,NA,NA,NA,NA,NA,5,6,NA,NA,61,5.5
Tyler Davis,TE,GB,2022,1,1,2,0,2,NA,0,NA,NA,NA,NA,1,NA,NA,0,0,NA,NA,7,0.8
Robert Tonyan,TE,GB,2022,5,2,7,2,4,12,4,6,4,1,4,3,2,NA,2,2,NA,NA,60,4
Juwann Winfree,WR,GB,2022,1,NA,2,NA,NA,1,NA,NA,NA,NA,NA,NA,NA,NA,NA,NA,NA,NA,4,1.3
Randall Cobb,WR,GB,2022,3,3,2,4,13,1,NA,NA,NA,NA,6,4,4,NA,4,2,NA,NA,46,4.2
Sammy Watkins,WR,BAL,2022,3,4,NA,NA,NA,NA,4,1,5,3,2,NA,NA,NA,NA,1,NA,NA,23,2.9
Josiah Deguara,TE,GB,2022,2,NA,NA,1,2,1,NA,1,5,NA,NA,NA,1,NA,NA,1,NA,NA,14,1.8
Amari Rodgers,WR,HOU,2022,0,0,0,0,0,1,3,3,1,0,NA,NA,NA,5,4,2,NA,NA,19,1.5
Derrick Henry,RB,TEN,2022,1,0,6,5,2,NA,3,1,0,3,2,3,3,5,4,2,NA,NA,40,2.7
Dontrell Hilliard,RB,TEN,2022,4,NA,1,4,5,NA,2,1,1,2,1,3,2,0,NA,NA,NA,NA,26,2.2
Chigoziem Okonkwo,TE,TEN,2022,1,0,NA,3,1,NA,1,2,3,2,2,5,5,6,5,2,NA,NA,38,2.7
Austin Hooper,TE,TEN,2022,2,5,2,1,1,NA,3,1,3,7,4,4,5,5,4,4,NA,NA,51,3.4
Treylon Burks,WR,TEN,2022,5,6,2,3,NA,NA,NA,NA,NA,6,8,6,1,NA,NA,2,NA,NA,39,4.3
Cody Hollister,WR,TEN,2022,1,NA,NA,NA,0,NA,2,1,1,NA,NA,0,NA,NA,NA,NA,NA,NA,5,0.8
Kyle Philips,WR,TEN,2022,9,1,NA,1,2,NA,NA,NA,NA,NA,NA,NA,NA,NA,NA,NA,NA,NA,13,3.3
Robert Woods,WR,TEN,2022,2,5,9,4,8,NA,4,2,2,7,7,6,5,7,4,4,NA,NA,76,5.1
Nick Westbrook-Ikhine,WR,TEN,2022,2,4,3,NA,3,NA,2,0,1,8,2,6,2,8,2,3,NA,NA,46,3.3
Geoff Swaim,TE,TEN,2022,4,NA,3,NA,1,NA,1,NA,NA,1,1,1,1,0,NA,1,NA,NA,14,1.4
Trenton Cannon,RB,TEN,2022,0,NA,NA,NA,NA,NA,NA,NA,NA,NA,NA,NA,NA,NA,NA,NA,NA,NA,0,0
Saquon Barkley,RB,NYG,2022,7,4,4,2,6,3,4,5,NA,1,5,6,5,2,8,10,NA,NA,72,4.8
Matt Breida,RB,NYG,2022,0,1,0,0,2,2,1,2,NA,0,1,1,1,4,1,0,NA,NA,16,1.1
Kadarius Toney,WR,KC,2022,0,3,NA,NA,NA,NA,NA,NA,2,5,1,NA,NA,NA,1,2,NA,NA,14,2
Richie James Jr.,WR,NYG,2022,6,6,5,3,2,2,2,0,NA,NA,3,6,3,9,5,12,NA,NA,64,4.6
Wan'Dale Robinson,WR,NYG,2022,1,NA,NA,NA,NA,4,8,3,NA,2,13,NA,NA,NA,NA,NA,NA,NA,31,5.2
Chris Myarick,TE,NYG,2022,1,0,1,NA,1,NA,2,1,NA,1,NA,1,0,0,NA,NA,NA,NA,8,0.8
Sterling Shepard,WR,NYG,2022,4,10,10,NA,NA,NA,NA,NA,NA,NA,NA,NA,NA,NA,NA,NA,NA,NA,24,8
Kenny Golladay,WR,NYG,2022,2,NA,3,1,NA,NA,NA,NA,NA,2,2,NA,NA,NA,NA,NA,NA,NA,10,2
Gary Brightwell,RB,NYG,2022,0,0,NA,0,0,0,NA,0,NA,0,0,2,0,3,0,0,NA,NA,5,0.4
James Conner,RB,ARI,2022,6,4,5,3,1,NA,NA,NA,5,3,5,3,NA,7,5,8,NA,NA,55,4.6
Eno Benjamin,RB,HOU,2022,4,4,4,1,4,3,5,7,1,0,NA,NA,NA,0,NA,NA,NA,NA,33,3
Andy Isabella,WR,BAL,2022,3,NA,2,NA,NA,NA,NA,NA,NA,NA,NA,NA,NA,NA,NA,0,NA,NA,5,1.7
Greg Dortch,WR,ARI,2022,9,4,10,1,0,0,1,3,1,0,10,NA,NA,0,0,11,NA,NA,50,3.6
A.J. Green,WR,ARI,2022,4,7,2,NA,5,4,NA,1,NA,2,9,2,NA,2,2,NA,NA,NA,40,3.6
Marquise Brown,WR,ARI,2022,6,11,17,11,10,9,NA,NA,NA,NA,NA,8,NA,8,8,6,NA,NA,94,9.4
Zach Ertz,TE,ARI,2022,4,11,10,6,10,10,4,5,8,1,NA,NA,NA,NA,NA,NA,NA,NA,69,6.9
Jonathan Ward,RB,TEN,2022,0,NA,NA,NA,NA,NA,NA,NA,NA,NA,NA,NA,NA,NA,NA,0,NA,NA,0,0
Stephen Anderson,TE,ARI,2022,0,1,0,0,NA,NA,0,NA,NA,1,1,NA,NA,2,NA,2,NA,NA,7,0.8
Jerick McKinnon,RB,KC,2022,4,2,1,1,3,3,3,NA,8,8,1,6,2,9,8,3,NA,NA,62,4.1
Isiah Pacheco,RB,KC,2022,0,0,0,0,0,2,0,NA,1,0,0,1,2,3,1,2,NA,NA,12,0.8
Clyde Edwards-Helaire,RB,KC,2022,3,4,5,2,4,0,1,NA,2,2,0,NA,NA,NA,NA,NA,NA,NA,23,2.3
Marquez Valdes-Scantling,WR,KC,2022,4,7,7,5,8,3,4,NA,1,4,4,5,6,3,5,2,NA,NA,68,4.5
Noah Gray,TE,KC,2022,2,3,2,1,2,3,1,NA,3,2,3,2,1,3,3,1,NA,NA,32,2.1
Justin Watson,WR,KC,2022,1,2,1,1,1,1,2,NA,5,1,4,2,1,2,2,4,NA,NA,30,2
Mecole Hardman,WR,KC,2022,6,4,1,1,5,4,4,NA,9,NA,NA,NA,NA,NA,NA,NA,NA,NA,34,4.3
JuJu Smith-Schuster,WR,KC,2022,8,3,8,8,8,5,8,NA,12,4,NA,3,4,11,10,4,NA,NA,96,6.9
Skyy Moore,WR,KC,2022,1,0,0,4,3,3,1,NA,1,1,6,6,0,2,0,1,NA,NA,29,1.9
Jody Fortson,TE,KC,2022,1,1,0,1,NA,NA,2,NA,NA,1,2,3,1,NA,1,NA,NA,NA,13,1.3
Travis Kelce,TE,KC,2022,9,7,8,10,8,10,8,NA,17,7,10,8,6,9,10,8,NA,NA,135,9
Michael Burton,RB,KC,2022,0,1,0,NA,NA,1,0,NA,1,0,0,NA,0,0,0,NA,NA,NA,3,0.3
Ezekiel Elliott,RB,DAL,2022,2,2,1,2,0,1,0,NA,NA,NA,1,1,3,5,2,1,NA,NA,21,1.6
Tony Pollard,RB,DAL,2022,2,7,1,3,0,3,2,1,NA,6,6,2,3,5,5,8,NA,NA,54,3.6
Noah Brown,WR,DAL,2022,9,5,7,6,2,3,7,NA,NA,4,2,0,2,6,9,2,NA,NA,64,4.6
Simi Fehoko,WR,DAL,2022,3,0,1,NA,NA,NA,NA,NA,NA,NA,NA,NA,NA,NA,NA,NA,NA,NA,4,1.3
Dennis Houston,WR,DAL,2022,5,1,NA,NA,NA,NA,NA,NA,NA,NA,NA,NA,NA,NA,NA,NA,NA,NA,6,3
CeeDee Lamb,WR,DAL,2022,11,11,12,8,8,10,6,7,NA,15,5,11,7,6,7,11,NA,NA,135,9
Dalton Schultz,TE,DAL,2022,9,4,NA,3,1,NA,5,7,NA,8,5,4,6,10,4,4,NA,NA,70,5.4
KaVontae Turpin,WR,DAL,2022,0,0,0,0,0,1,0,0,NA,1,0,0,0,0,0,0,NA,NA,2,0.1
Rico Dowdle,RB,DAL,2022,0,0,NA,NA,NA,NA,NA,NA,NA,NA,NA,NA,NA,NA,NA,NA,NA,NA,0,0
Julio Jones,WR,TB,2022,5,NA,NA,2,NA,NA,NA,4,5,5,NA,4,6,8,NA,2,NA,NA,41,4.6
Rachaad White,RB,TB,2022,2,2,0,5,4,4,2,3,3,0,NA,9,8,5,2,4,NA,NA,53,3.5
Breshad Perriman,WR,TB,2022,3,5,4,NA,NA,1,NA,1,2,NA,NA,1,NA,NA,NA,NA,NA,NA,17,2.4
Jaelon Darden,WR,TB,2022,0,0,1,0,0,0,1,0,0,0,NA,0,0,NA,NA,NA,NA,NA,2,0.2
Leonard Fournette,RB,TB,2022,2,4,6,7,11,6,3,3,7,1,NA,NA,7,7,4,10,NA,NA,78,5.6
Russell Gage,WR,TB,2022,2,6,13,4,6,4,5,NA,NA,NA,NA,NA,1,2,12,6,NA,NA,61,5.5
Chris Godwin,WR,TB,2022,3,NA,NA,10,6,12,13,11,10,8,NA,13,13,9,8,10,NA,NA,126,9.7
Mike Evans,WR,TB,2022,7,4,NA,10,8,4,15,11,11,6,NA,9,4,9,9,8,NA,NA,115,8.2
Cameron Brate,TE,TB,2022,3,2,6,8,NA,3,NA,NA,NA,2,NA,5,NA,4,5,NA,NA,NA,38,4.2
Cade Otton,TE,TB,2022,0,2,NA,4,7,3,5,5,6,3,NA,0,10,5,1,7,NA,NA,58,4.1
Travis Homer,RB,SEA,2022,0,4,0,0,NA,0,NA,1,3,0,NA,3,NA,3,4,0,NA,NA,18,1.5
Rashaad Penny,RB,SEA,2022,3,0,1,1,0,NA,NA,NA,NA,NA,NA,NA,NA,NA,NA,NA,NA,NA,5,1
DK Metcalf,WR,SEA,2022,7,6,12,10,8,7,2,10,6,9,NA,15,8,10,9,9,NA,NA,128,8.5
Colby Parkinson,TE,SEA,2022,2,NA,2,3,NA,2,1,1,2,3,NA,NA,1,2,1,4,NA,NA,24,2
Will Dissly,TE,SEA,2022,3,2,3,4,3,1,4,2,4,2,NA,3,2,3,1,1,NA,NA,38,2.5
Noah Fant,TE,SEA,2022,4,2,4,1,5,7,3,2,6,4,NA,3,5,1,6,3,NA,NA,56,3.7
Tyler Lockett,WR,SEA,2022,4,11,11,8,6,5,8,8,5,5,NA,7,12,9,9,NA,NA,NA,108,7.7
Dee Eskridge,WR,SEA,2022,2,1,NA,1,1,3,1,2,2,0,NA,NA,NA,NA,NA,NA,NA,NA,13,1.4
Marquise Goodwin,WR,SEA,2022,2,1,5,0,NA,2,5,5,NA,2,NA,3,2,6,5,4,NA,NA,42,3.2
DeeJay Dallas,RB,SEA,2022,0,0,2,0,1,0,2,0,0,0,NA,2,1,NA,NA,6,NA,NA,14,1.1
Melvin Gordon III,RB,DEN,2022,2,1,6,1,3,0,4,4,NA,6,5,NA,NA,NA,NA,NA,NA,NA,32,3.2
Javonte Williams,RB,DEN,2022,12,4,5,1,NA,NA,NA,NA,NA,NA,NA,NA,NA,NA,NA,NA,NA,NA,22,5.5
Eric Saubert,TE,DEN,2022,1,2,1,2,7,NA,1,0,NA,1,2,NA,0,2,2,0,NA,NA,21,1.6
Courtland Sutton,WR,DEN,2022,7,11,10,7,11,3,9,4,NA,11,7,8,1,NA,NA,7,NA,NA,96,7.4
Andrew Beck,TE,DEN,2022,3,0,NA,0,1,1,1,NA,NA,NA,NA,NA,NA,NA,1,NA,NA,NA,7,1
Eric Tomlinson,TE,DEN,2022,1,NA,NA,NA,1,1,2,0,NA,1,NA,NA,NA,3,3,NA,NA,NA,12,1.5
Mike Boone,RB,DEN,2022,1,NA,1,3,3,4,0,NA,NA,NA,NA,NA,1,2,NA,NA,NA,NA,15,1.9
KJ Hamler,WR,DEN,2022,1,NA,0,1,2,3,4,3,NA,NA,NA,NA,NA,NA,NA,NA,NA,NA,14,2
Albert Okwuegbunam,TE,DEN,2022,6,2,2,NA,1,NA,NA,NA,NA,NA,NA,NA,NA,NA,NA,NA,NA,NA,11,2.8
Jerry Jeudy,WR,DEN,2022,7,3,6,5,8,7,11,7,NA,1,NA,NA,4,9,8,10,NA,NA,86,6.6
Montrell Washington,WR,DEN,2022,0,1,0,1,0,1,0,1,NA,1,0,3,1,0,0,0,NA,NA,9,0.6
Tyrie Cleveland,WR,DEN,2022,0,3,NA,NA,1,0,NA,NA,NA,3,NA,NA,NA,NA,NA,NA,NA,NA,7,1.4
D'Ernest Johnson,RB,CLE,2022,0,NA,NA,0,NA,2,0,0,NA,1,0,NA,NA,NA,0,0,NA,NA,3,0.3
Qadree Ollison,RB,DAL,2022,0,NA,NA,NA,NA,NA,NA,NA,NA,0,NA,NA,NA,NA,NA,NA,NA,NA,0,0
Jermar Jefferson,RB,DET,2022,0,NA,NA,NA,NA,NA,NA,NA,NA,NA,NA,NA,NA,NA,NA,NA,NA,NA,0,0
David Sills V,WR,NYG,2022,NA,4,4,2,2,2,1,2,NA,NA,NA,NA,NA,NA,NA,NA,NA,NA,17,2.4
Daniel Bellinger,TE,NYG,2022,NA,1,5,3,3,5,1,NA,NA,NA,NA,NA,5,3,4,2,NA,NA,32,3.2
Tanner Hudson,TE,NYG,2022,NA,3,NA,2,NA,NA,1,5,NA,3,NA,1,NA,NA,NA,NA,NA,NA,15,2.5
Stephen Sullivan,TE,CAR,2022,NA,1,NA,0,NA,0,NA,2,NA,NA,NA,NA,NA,1,0,0,NA,NA,4,0.6
Derek Watt,RB,PIT,2022,NA,0,NA,NA,1,0,0,2,NA,0,NA,1,1,NA,0,0,NA,NA,5,0.5
Lil'Jordan Humphrey,WR,NE,2022,NA,2,1,1,0,NA,NA,NA,NA,NA,NA,NA,NA,NA,NA,NA,NA,NA,4,1
Pierre Strong Jr.,RB,NE,2022,NA,0,NA,NA,NA,0,NA,0,0,NA,0,0,NA,2,3,2,NA,NA,7,0.8
Dwayne Washington,RB,NO,2022,NA,0,0,NA,0,NA,0,0,1,NA,NA,0,NA,NA,NA,NA,NA,NA,1,0.1
Tony Jones Jr.,RB,SEA,2022,NA,2,NA,NA,NA,NA,NA,NA,NA,NA,NA,NA,4,2,NA,NA,NA,NA,8,2.7
Adam Prentice,RB,NO,2022,NA,1,NA,NA,NA,NA,NA,NA,NA,NA,NA,0,0,NA,1,0,NA,NA,2,0.4
Scotty Miller,WR,TB,2022,NA,8,5,NA,7,0,2,2,8,2,NA,NA,2,1,NA,1,NA,NA,38,3.5
Ko Kieft,TE,TB,2022,NA,0,0,1,0,0,1,1,2,NA,NA,1,2,1,0,0,NA,NA,9,0.7
Giovani Bernard,RB,TB,2022,NA,0,NA,NA,NA,NA,NA,NA,NA,NA,NA,NA,NA,NA,0,0,NA,NA,0,0
David Bell,WR,CLE,2022,NA,1,1,3,1,2,1,2,NA,5,5,6,1,3,NA,2,NA,NA,33,2.5
Jeremy Ruckert,TE,NYJ,2022,NA,1,NA,NA,NA,NA,NA,NA,NA,NA,NA,NA,NA,NA,NA,NA,NA,NA,1,1
Jeff Smith,WR,NYJ,2022,NA,1,NA,1,1,NA,1,1,1,NA,NA,NA,NA,NA,5,NA,NA,NA,11,1.6
Ty Johnson,RB,NYJ,2022,NA,3,NA,0,0,NA,1,2,0,NA,1,2,7,NA,NA,0,NA,NA,16,1.6
Kenny Yeboah,TE,NYJ,2022,NA,0,NA,NA,NA,NA,NA,NA,NA,NA,NA,NA,NA,0,NA,0,NA,NA,0,0
Raleigh Webb,WR,NE,2022,NA,0,NA,NA,NA,NA,NA,NA,NA,NA,NA,NA,NA,0,0,NA,NA,NA,0,0
River Cracraft,WR,MIA,2022,NA,2,1,1,1,1,NA,NA,NA,NA,NA,4,3,NA,NA,NA,NA,NA,13,1.9
Dan Arnold,TE,JAC,2022,NA,1,NA,1,2,NA,1,1,1,1,NA,NA,0,3,NA,1,NA,NA,12,1.2
Deon Jackson,RB,IND,2022,NA,0,NA,NA,4,10,0,0,3,NA,4,NA,1,NA,1,3,NA,NA,26,2.6
Dezmon Patmon,WR,IND,2022,NA,6,NA,NA,NA,NA,NA,NA,NA,NA,NA,NA,NA,NA,NA,NA,NA,NA,6,6
Keke Coutee,WR,IND,2022,NA,0,NA,NA,NA,0,NA,0,0,1,0,NA,NA,NA,NA,NA,NA,NA,1,0.2
Craig Reynolds,RB,DET,2022,NA,1,1,1,3,NA,3,1,0,NA,NA,NA,NA,NA,NA,NA,NA,NA,10,1.4
Brock Wright,TE,DET,2022,NA,1,NA,0,NA,NA,4,1,1,1,2,3,2,1,2,1,NA,NA,19,1.6
Justin Jackson,RB,DET,2022,NA,0,0,2,1,NA,0,0,0,3,1,2,5,1,2,1,NA,NA,18,1.3
Quintez Cephus,WR,DET,2022,NA,0,0,3,NA,NA,NA,NA,NA,NA,NA,NA,NA,NA,NA,NA,NA,NA,3,1
Tyrion Davis-Price,RB,SF,2022,NA,0,NA,NA,NA,NA,2,NA,NA,NA,NA,NA,NA,NA,NA,0,NA,NA,2,0.7
Kenneth Walker III,RB,SEA,2022,NA,3,3,1,0,3,0,2,4,8,NA,1,1,NA,5,2,NA,NA,33,2.5
Tyler Allgeier,RB,ATL,2022,NA,0,1,1,0,0,0,3,1,3,1,0,0,NA,1,5,NA,NA,16,1.1
Foster Moreau,TE,LV,2022,NA,4,4,NA,NA,NA,5,9,5,4,3,7,3,1,2,3,NA,NA,50,4.2
Danny Gray,WR,SF,2022,NA,2,NA,NA,2,NA,2,NA,NA,NA,NA,NA,NA,1,0,0,NA,NA,7,1.2
Caleb Huntley,RB,ATL,2022,NA,0,NA,0,0,0,0,0,0,0,1,1,0,NA,0,NA,NA,NA,2,0.2
Kendall Hinton,WR,DEN,2022,NA,1,1,3,NA,1,1,NA,NA,5,3,9,1,6,NA,NA,NA,NA,31,3.1
Dare Ogunbowale,RB,HOU,2022,NA,0,NA,0,0,NA,7,1,0,1,1,2,3,2,0,0,NA,NA,17,1.3
Zamir White,RB,LV,2022,NA,0,NA,0,0,NA,0,NA,0,0,NA,0,0,0,0,NA,NA,NA,0,0
Darrel Williams,RB,ARI,2022,NA,3,1,1,0,NA,NA,3,NA,NA,NA,NA,NA,NA,NA,NA,NA,NA,8,1.6
Andre Baccellia,WR,ARI,2022,NA,2,4,NA,NA,NA,NA,NA,NA,NA,NA,1,NA,NA,NA,NA,NA,NA,7,2.3
Mitchell Wilcox,TE,CIN,2022,NA,1,1,1,NA,NA,2,1,NA,NA,NA,NA,1,2,3,6,NA,NA,18,2
Allen Lazard,WR,GB,2022,NA,3,6,8,8,9,7,NA,10,4,11,3,6,NA,2,11,NA,NA,88,6.8
Ihmir Smith-Marsette,WR,CHI,2022,NA,0,NA,1,2,1,NA,NA,NA,NA,NA,NA,NA,NA,NA,NA,NA,NA,4,1
Quintin Morris,TE,BUF,2022,NA,1,2,1,5,0,NA,NA,NA,NA,NA,1,NA,NA,1,0,NA,NA,11,1.4
Khalil Shakir,WR,BUF,2022,NA,2,NA,2,5,2,NA,2,NA,2,NA,NA,1,1,NA,1,NA,NA,18,2
Reggie Gilliam,RB,BUF,2022,NA,3,3,NA,NA,3,NA,NA,NA,NA,0,0,NA,NA,NA,1,NA,NA,10,1.7
Jake Kumerow,WR,BUF,2022,NA,3,2,NA,NA,NA,NA,1,1,0,NA,NA,NA,NA,NA,NA,NA,NA,7,1.4
Brandin Bryant,RB,BUF,2022,NA,0,NA,0,NA,NA,NA,NA,NA,NA,NA,NA,NA,NA,NA,NA,NA,NA,0,0
Hassan Haskins,RB,TEN,2022,NA,1,0,0,0,NA,1,0,1,0,0,0,NA,NA,2,2,NA,NA,7,0.6
Josh Gordon,WR,TEN,2022,NA,1,NA,NA,NA,NA,NA,NA,NA,NA,NA,NA,NA,NA,NA,NA,NA,NA,1,1
Latavius Murray,RB,DEN,2022,NA,0,NA,1,NA,1,3,2,NA,3,4,1,4,5,1,3,NA,NA,28,2.3
Marlon Mack,RB,DEN,2022,NA,0,NA,0,NA,NA,NA,NA,NA,NA,NA,1,1,3,4,1,NA,NA,10,1.4
Miller Forristall,TE,CLE,2022,NA,NA,1,NA,NA,NA,NA,NA,NA,NA,NA,NA,NA,NA,NA,NA,NA,NA,1,1
Chester Rogers,WR,CLE,2022,NA,NA,0,NA,0,0,NA,NA,NA,NA,NA,NA,NA,NA,NA,NA,NA,NA,0,0
J.K. Dobbins,RB,BAL,2022,NA,NA,2,4,0,0,NA,NA,NA,NA,NA,NA,NA,0,1,1,NA,NA,8,1.1
Josh Oliver,TE,BAL,2022,NA,NA,2,NA,1,3,1,1,3,NA,1,6,NA,NA,2,3,NA,NA,23,2.3
Jake Tonges,TE,CHI,2022,NA,NA,1,NA,NA,NA,NA,NA,NA,NA,NA,NA,NA,NA,NA,NA,NA,NA,1,1
Khari Blasingame,RB,CHI,2022,NA,NA,0,NA,NA,0,NA,NA,NA,NA,NA,1,NA,NA,0,0,NA,NA,1,0.2
Jordan Akins,TE,HOU,2022,NA,NA,4,2,2,NA,4,2,1,3,3,5,6,2,6,3,NA,NA,43,3.3
Laviska Shenault Jr.,WR,CAR,2022,NA,NA,2,0,NA,NA,1,6,1,4,4,2,NA,4,1,3,NA,NA,28,2.5
Nick Vannett,TE,NYG,2022,NA,NA,1,NA,NA,NA,NA,1,NA,NA,NA,NA,0,2,1,0,NA,NA,5,0.8
Adam Trautman,TE,NO,2022,NA,NA,1,3,3,1,NA,NA,1,3,3,1,3,NA,1,0,NA,NA,20,1.8
Marquez Callaway,WR,NO,2022,NA,NA,1,6,3,7,6,1,5,NA,1,NA,1,NA,NA,NA,NA,NA,31,3.4
Tre'Quan Smith,WR,NO,2022,NA,NA,5,2,4,3,6,1,4,0,NA,1,NA,NA,NA,NA,NA,NA,26,2.9
Keelan Cole Sr.,WR,LV,2022,NA,NA,4,0,0,NA,NA,5,NA,2,2,2,0,1,2,1,NA,NA,19,1.7
Jesper Horsted,TE,LV,2022,NA,NA,0,NA,3,NA,NA,1,NA,NA,0,0,NA,NA,NA,NA,NA,NA,4,0.8
Jelani Woods,TE,IND,2022,NA,NA,3,1,1,3,2,NA,3,NA,NA,9,4,NA,1,5,NA,NA,32,3.2
Shane Zylstra,TE,DET,2022,NA,NA,0,NA,NA,NA,NA,NA,1,1,NA,NA,1,2,1,6,NA,NA,12,1.7
Dyami Brown,WR,WAS,2022,NA,NA,0,4,4,1,NA,NA,1,1,NA,1,NA,NA,2,NA,NA,NA,14,1.8
Grant Calcaterra,TE,PHI,2022,NA,NA,1,NA,NA,NA,NA,NA,NA,NA,0,1,1,4,2,NA,NA,NA,9,1.5
Jack Stoll,TE,PHI,2022,NA,NA,2,NA,NA,1,NA,1,2,1,1,0,3,2,1,NA,NA,NA,14,1.4
C.J. Uzomah,TE,NYJ,2022,NA,NA,1,0,2,2,2,1,3,NA,0,3,1,2,2,1,NA,NA,20,1.5
Chris Evans,RB,CIN,2022,NA,NA,1,1,0,0,0,1,0,NA,NA,0,1,NA,0,NA,NA,NA,4,0.4
Cole Beasley,WR,BUF,2022,NA,NA,4,1,NA,NA,NA,NA,NA,NA,NA,NA,NA,NA,1,1,NA,NA,7,1.8
Kyle Rudolph,TE,TB,2022,NA,NA,1,NA,1,NA,1,1,NA,NA,NA,NA,NA,NA,NA,NA,NA,NA,4,1
JaMycal Hasty,RB,JAC,2022,NA,NA,1,2,0,1,0,4,1,2,NA,5,NA,0,1,3,NA,NA,20,1.7
Tim Jones,WR,JAC,2022,NA,NA,0,1,NA,1,1,NA,NA,NA,NA,0,1,NA,NA,0,NA,NA,4,0.6
Penny Hart,WR,SEA,2022,NA,NA,1,NA,NA,NA,NA,NA,NA,NA,NA,NA,NA,NA,1,2,NA,NA,4,1.3
Kendall Blanton,TE,LAR,2022,NA,NA,1,1,NA,NA,NA,NA,NA,NA,NA,NA,NA,NA,NA,NA,NA,NA,2,1
Jacob Harris,TE,LAR,2022,NA,NA,0,NA,NA,NA,NA,NA,NA,NA,0,1,NA,NA,NA,NA,NA,NA,1,0.3
George Kittle,TE,SF,2022,NA,NA,5,4,6,10,9,5,NA,2,6,4,3,5,5,8,NA,NA,72,5.5
Jake Ferguson,TE,DAL,2022,NA,NA,3,1,NA,6,1,1,NA,NA,2,3,2,NA,NA,1,NA,NA,20,2.2
Peyton Hendershot,TE,DAL,2022,NA,NA,3,0,0,5,2,2,NA,1,1,0,0,NA,1,NA,NA,NA,15,1.4
Jalen Tolbert,WR,DAL,2022,NA,NA,2,NA,NA,NA,NA,NA,NA,0,1,NA,NA,NA,NA,NA,NA,NA,3,1
Hunter Long,TE,MIA,2022,NA,NA,0,NA,NA,0,NA,0,NA,NA,NA,NA,NA,NA,NA,NA,NA,NA,0,0
Cody Thompson,WR,SEA,2022,NA,NA,0,NA,NA,NA,NA,NA,NA,NA,NA,NA,NA,NA,NA,NA,NA,NA,0,0
Austin Allen,TE,NYG,2022,NA,NA,0,0,NA,NA,NA,NA,NA,NA,NA,NA,NA,NA,NA,NA,NA,NA,0,0
Devin Asiasi,TE,CIN,2022,NA,NA,NA,1,NA,0,NA,NA,1,NA,0,NA,NA,NA,NA,2,NA,NA,4,0.8
J.P. Holtz,TE,NO,2022,NA,NA,NA,0,NA,NA,NA,NA,NA,NA,NA,NA,NA,NA,NA,NA,NA,NA,0,0
Jalen Nailor,WR,MIN,2022,NA,NA,NA,1,NA,NA,NA,NA,NA,0,3,0,NA,0,1,NA,NA,NA,5,0.8
Keith Smith,RB,ATL,2022,NA,NA,NA,1,0,1,NA,0,0,0,NA,NA,0,NA,NA,0,NA,NA,2,0.3
Damiere Byrd,WR,ATL,2022,NA,NA,NA,1,1,NA,1,6,1,4,2,NA,1,NA,1,2,NA,NA,20,2
Mason Schreck,TE,HOU,2022,NA,NA,NA,1,1,NA,NA,NA,NA,NA,NA,NA,NA,NA,NA,NA,NA,NA,2,1
Michael Bandy,WR,LAC,2022,NA,NA,NA,2,NA,2,6,NA,8,1,1,0,1,NA,NA,NA,NA,NA,21,2.6
Darius Slayton,WR,NYG,2022,NA,NA,NA,2,7,3,6,6,NA,4,10,6,8,3,7,6,NA,NA,68,5.7
Trevon Wesco,TE,CHI,2022,NA,NA,NA,2,NA,NA,NA,0,0,1,NA,1,NA,NA,NA,NA,NA,NA,4,0.8
Velus Jones Jr.,WR,CHI,2022,NA,NA,NA,0,1,1,NA,3,NA,NA,0,0,0,NA,2,4,NA,NA,11,1.2
Trey Sermon,RB,PHI,2022,NA,NA,NA,0,NA,NA,NA,NA,NA,NA,NA,NA,NA,NA,NA,NA,NA,NA,0,0
Chris Manhertz,TE,JAC,2022,NA,NA,NA,1,2,0,0,1,2,NA,NA,NA,1,1,NA,NA,NA,NA,8,1
Michael Gallup,WR,DAL,2022,NA,NA,NA,3,5,7,2,6,NA,7,4,8,7,6,2,7,NA,NA,64,5.3
Tom Kennedy,WR,DET,2022,NA,NA,NA,5,0,NA,3,NA,4,2,1,0,NA,NA,NA,NA,NA,NA,15,2.1
Maurice Alexander,WR,DET,2022,NA,NA,NA,0,0,NA,NA,1,NA,NA,NA,NA,NA,NA,NA,NA,NA,NA,1,0.3
Rondale Moore,WR,ARI,2022,NA,NA,NA,5,8,10,2,8,10,13,0,NA,NA,NA,NA,NA,NA,NA,56,7
Trey McBride,TE,ARI,2022,NA,NA,NA,3,NA,0,0,0,NA,1,4,3,NA,6,5,4,NA,NA,26,2.6
Tyron Johnson,WR,HOU,2022,NA,NA,NA,0,NA,NA,NA,NA,1,NA,NA,NA,NA,NA,NA,NA,NA,NA,1,0.5
Patrick Taylor Jr.,RB,GB,2022,NA,NA,NA,0,NA,NA,NA,0,NA,NA,0,NA,0,NA,0,1,NA,NA,1,0.2
Matthew Slater,WR,NE,2022,NA,NA,NA,0,NA,NA,NA,NA,0,NA,0,NA,0,0,NA,0,NA,NA,0,0
Charlie Woerner,TE,SF,2022,NA,NA,NA,1,0,1,NA,NA,NA,NA,NA,0,NA,0,NA,NA,NA,NA,2,0.4
Jake Funk,RB,LAR,2022,NA,NA,NA,0,NA,NA,NA,NA,NA,NA,NA,NA,NA,NA,NA,NA,NA,NA,0,0
Malik Turner,WR,SF,2022,NA,NA,NA,0,0,NA,NA,NA,NA,NA,NA,NA,NA,NA,NA,NA,NA,NA,0,0
Kenjon Barner,RB,TB,2022,NA,NA,NA,0,NA,NA,NA,NA,NA,NA,NA,NA,NA,NA,NA,NA,NA,NA,0,0
Ke'Shawn Vaughn,RB,TB,2022,NA,NA,NA,0,NA,0,NA,NA,1,1,NA,0,NA,NA,0,0,NA,NA,2,0.3
Devine Ozigbo,RB,DEN,2022,NA,NA,NA,NA,0,NA,NA,NA,NA,NA,NA,1,NA,NA,0,NA,NA,NA,1,0.3
Phillip Lindsay,RB,IND,2022,NA,NA,NA,NA,4,3,NA,NA,1,NA,NA,NA,NA,NA,NA,NA,NA,NA,8,2.7
Marcedes Lewis,TE,GB,2022,NA,NA,NA,NA,1,NA,NA,NA,1,1,NA,NA,1,NA,1,2,NA,NA,7,1.2
Marcus Johnson,WR,NYG,2022,NA,NA,NA,NA,3,4,3,6,NA,NA,NA,NA,0,NA,0,0,NA,NA,16,2.3
Dan Chisena,WR,MIN,2022,NA,NA,NA,NA,0,NA,NA,NA,0,NA,NA,NA,NA,NA,NA,NA,NA,NA,0,0
Ty Chandler,RB,MIN,2022,NA,NA,NA,NA,0,NA,NA,NA,NA,NA,NA,NA,NA,NA,NA,NA,NA,NA,0,0
Tyquan Thornton,WR,NE,2022,NA,NA,NA,NA,3,5,5,2,4,NA,2,NA,3,5,4,3,NA,NA,36,3.6
Donald Parham Jr.,TE,LAC,2022,NA,NA,NA,NA,1,3,NA,NA,NA,NA,NA,NA,NA,NA,3,2,NA,NA,9,2.3
Isaiah Hodgins,WR,NYG,2022,NA,NA,NA,NA,6,NA,NA,NA,NA,2,3,4,6,6,4,11,NA,NA,42,5.3
Tanner Gentry,WR,BUF,2022,NA,NA,NA,NA,1,NA,NA,NA,NA,NA,NA,NA,NA,NA,NA,NA,NA,NA,1,1
Steven Sims Jr.,WR,PIT,2022,NA,NA,NA,NA,0,0,NA,3,NA,2,2,3,2,4,2,1,NA,NA,19,1.9
Brian Robinson Jr.,RB,WAS,2022,NA,NA,NA,NA,0,0,2,0,2,0,0,3,2,NA,1,1,NA,NA,11,1
Cole Turner,TE,WAS,2022,NA,NA,NA,NA,3,2,2,NA,NA,NA,1,1,0,NA,NA,0,NA,NA,9,1.3
Kevin Rader,TE,TEN,2022,NA,NA,NA,NA,0,NA,0,NA,NA,0,NA,NA,0,0,0,NA,NA,NA,0,0
Myles Gaskin,RB,MIA,2022,NA,NA,NA,NA,5,NA,NA,NA,NA,NA,NA,1,NA,NA,NA,NA,NA,NA,6,3
Tanner Conner,WR,MIA,2022,NA,NA,NA,NA,1,2,NA,NA,NA,NA,NA,NA,NA,NA,NA,NA,NA,NA,3,1.5
Keith Kirkwood,WR,NO,2022,NA,NA,NA,NA,1,1,NA,NA,NA,NA,NA,NA,NA,NA,NA,2,NA,NA,4,1.3
Cullen Gillaspia,RB,SEA,2022,NA,NA,NA,NA,0,0,NA,0,0,NA,NA,NA,NA,NA,NA,NA,NA,NA,0,0
Terrace Marshall Jr.,WR,CAR,2022,NA,NA,NA,NA,4,1,3,9,6,2,6,3,NA,1,3,3,NA,NA,41,3.7
Raheem Blackshear,RB,CAR,2022,NA,NA,NA,NA,0,0,0,0,4,0,3,2,NA,1,0,1,NA,NA,11,1
Tevin Coleman,RB,SF,2022,NA,NA,NA,NA,3,0,NA,NA,NA,NA,NA,NA,NA,NA,0,NA,NA,NA,3,1
MyCole Pruitt,TE,ATL,2022,NA,NA,NA,NA,NA,1,NA,NA,1,1,1,3,1,NA,3,1,NA,NA,12,1.5
Rashid Shaheed,WR,NO,2022,NA,NA,NA,NA,NA,1,1,3,0,1,2,3,4,NA,4,5,NA,NA,24,2.4
Kevin White,WR,NO,2022,NA,NA,NA,NA,NA,1,1,0,1,2,NA,0,NA,NA,NA,NA,NA,NA,5,0.8
Luke Farrell,TE,JAC,2022,NA,NA,NA,NA,NA,1,NA,NA,1,NA,NA,NA,1,NA,NA,NA,NA,NA,3,1
Michael Woods II,WR,CLE,2022,NA,NA,NA,NA,NA,2,NA,2,NA,2,NA,NA,0,NA,2,1,NA,NA,9,1.5
Kevin Harris,RB,NE,2022,NA,NA,NA,NA,NA,0,NA,NA,NA,NA,NA,NA,0,0,0,0,NA,NA,0,0
Malcolm Brown,RB,LAR,2022,NA,NA,NA,NA,NA,1,NA,0,1,NA,NA,NA,NA,2,1,1,NA,NA,6,1
Ronnie Rivers,RB,LAR,2022,NA,NA,NA,NA,NA,1,NA,4,NA,NA,NA,NA,NA,NA,NA,NA,NA,NA,5,2.5
Keaontay Ingram,RB,ARI,2022,NA,NA,NA,NA,NA,0,2,0,0,0,0,0,NA,0,0,0,NA,NA,2,0.2
Tommy Sweeney,TE,BUF,2022,NA,NA,NA,NA,NA,1,NA,NA,NA,NA,NA,NA,0,NA,NA,NA,NA,NA,1,0.5
Sean McKeon,TE,DAL,2022,NA,NA,NA,NA,NA,1,NA,NA,NA,2,NA,NA,0,NA,NA,NA,NA,NA,3,1
Greg Dulcich,TE,DEN,2022,NA,NA,NA,NA,NA,3,9,5,NA,4,5,3,8,8,2,8,NA,NA,55,5.5
John Lovett,RB,CAR,2022,NA,NA,NA,NA,NA,0,NA,NA,NA,NA,NA,NA,NA,NA,NA,NA,NA,NA,0,0
DJ Turner,WR,LV,2022,NA,NA,NA,NA,NA,NA,0,0,0,0,0,NA,NA,1,NA,NA,NA,NA,1,0.2
Denzel Mims,WR,NYJ,2022,NA,NA,NA,NA,NA,NA,2,3,4,NA,6,1,1,5,2,NA,NA,NA,24,3
Marcus Kemp,WR,KC,2022,NA,NA,NA,NA,NA,NA,0,NA,0,NA,NA,NA,NA,NA,NA,NA,NA,NA,0,0
Isaiah Spiller,RB,LAC,2022,NA,NA,NA,NA,NA,NA,0,NA,0,0,2,1,NA,NA,NA,NA,NA,NA,3,0.6
Jason Moore Jr.,WR,LAC,2022,NA,NA,NA,NA,NA,NA,2,NA,NA,NA,NA,NA,NA,NA,NA,NA,NA,NA,2,2
N'Keal Harry,WR,CHI,2022,NA,NA,NA,NA,NA,NA,1,2,2,NA,NA,NA,1,NA,NA,NA,NA,NA,6,1.5
Justyn Ross,WR,KC,2022,NA,NA,NA,NA,NA,NA,0,NA,0,NA,NA,NA,NA,NA,NA,NA,NA,NA,0,0
James Winchester,TE,KC,2022,NA,NA,NA,NA,NA,NA,0,NA,0,NA,NA,NA,NA,NA,NA,NA,NA,NA,0,0
DeAndre Hopkins,WR,ARI,2022,NA,NA,NA,NA,NA,NA,14,13,5,14,12,6,NA,11,11,10,NA,NA,96,10.7
Gus Edwards,RB,BAL,2022,NA,NA,NA,NA,NA,NA,1,0,NA,NA,NA,1,0,0,0,0,NA,NA,2,0.3
Mason Kinsey,WR,TEN,2022,NA,NA,NA,NA,NA,NA,1,NA,NA,NA,NA,NA,NA,NA,0,NA,NA,NA,1,0.5
Samori Toure,WR,GB,2022,NA,NA,NA,NA,NA,NA,1,4,4,NA,NA,NA,1,NA,NA,NA,NA,NA,10,2.5
James Mitchell,TE,DET,2022,NA,NA,NA,NA,NA,NA,NA,1,2,1,NA,1,NA,NA,2,2,NA,NA,9,1.5
Salvon Ahmed,RB,MIA,2022,NA,NA,NA,NA,NA,NA,NA,0,0,0,NA,NA,NA,0,0,NA,NA,NA,0,0
Braylon Sanders,WR,MIA,2022,NA,NA,NA,NA,NA,NA,NA,2,NA,NA,NA,NA,NA,NA,1,NA,NA,NA,3,1.5
Malik Davis,RB,DAL,2022,NA,NA,NA,NA,NA,NA,NA,2,NA,0,3,NA,0,NA,NA,NA,NA,NA,5,1.3
Spencer Brown,RB,CAR,2022,NA,NA,NA,NA,NA,NA,NA,1,3,NA,NA,NA,NA,NA,NA,NA,NA,NA,4,2
Dareke Young,WR,SEA,2022,NA,NA,NA,NA,NA,NA,NA,0,0,NA,NA,NA,0,NA,0,0,NA,NA,0,0
Trenton Irwin,WR,CIN,2022,NA,NA,NA,NA,NA,NA,NA,3,1,NA,4,4,1,2,2,4,NA,NA,21,2.6
Jared Pinkney,TE,LAR,2022,NA,NA,NA,NA,NA,NA,NA,0,NA,0,NA,NA,NA,NA,NA,NA,NA,NA,0,0
Trayveon Williams,RB,CIN,2022,NA,NA,NA,NA,NA,NA,NA,0,NA,NA,1,1,0,1,0,0,NA,NA,3,0.4
Jalen Camp,WR,HOU,2022,NA,NA,NA,NA,NA,NA,NA,NA,1,NA,NA,NA,NA,NA,NA,NA,NA,NA,1,1
Teagan Quitoriano,TE,HOU,2022,NA,NA,NA,NA,NA,NA,NA,NA,1,NA,1,2,3,NA,2,1,NA,NA,10,1.7
Rashard Higgins,WR,CAR,2022,NA,NA,NA,NA,NA,NA,NA,NA,0,NA,NA,NA,NA,NA,NA,NA,NA,NA,0,0
J.J. Taylor,RB,NE,2022,NA,NA,NA,NA,NA,NA,NA,NA,1,NA,NA,NA,NA,NA,NA,NA,NA,NA,1,1
Jordan Wilkins,RB,IND,2022,NA,NA,NA,NA,NA,NA,NA,NA,5,0,NA,NA,NA,NA,NA,1,NA,NA,6,2
Brandon Zylstra,WR,DET,2022,NA,NA,NA,NA,NA,NA,NA,NA,0,NA,NA,NA,NA,NA,NA,NA,NA,NA,0,0
Kylin Hill,RB,GB,2022,NA,NA,NA,NA,NA,NA,NA,NA,0,NA,NA,NA,NA,NA,NA,NA,NA,NA,0,0
Brycen Hopkins,TE,LAR,2022,NA,NA,NA,NA,NA,NA,NA,NA,1,2,NA,2,NA,1,NA,3,NA,NA,9,1.8
Van Jefferson,WR,LAR,2022,NA,NA,NA,NA,NA,NA,NA,NA,5,3,5,6,4,4,2,5,NA,NA,34,4.3
DeSean Jackson,WR,BAL,2022,NA,NA,NA,NA,NA,NA,NA,NA,2,NA,NA,3,3,2,3,2,NA,NA,15,2.5
Binjimen Victor,WR,BAL,2022,NA,NA,NA,NA,NA,NA,NA,NA,0,NA,NA,NA,NA,NA,NA,NA,NA,NA,0,0
La'Mical Perine,RB,MIA,2022,NA,NA,NA,NA,NA,NA,NA,NA,0,NA,NA,NA,NA,NA,NA,NA,NA,NA,0,0
Albert Wilson,WR,LV,2022,NA,NA,NA,NA,NA,NA,NA,NA,0,NA,0,NA,0,NA,NA,NA,NA,NA,0,0
Jordan Howard,RB,NO,2022,NA,NA,NA,NA,NA,NA,NA,NA,NA,0,NA,NA,NA,NA,NA,NA,NA,NA,0,0
Trinity Benson,WR,DET,2022,NA,NA,NA,NA,NA,NA,NA,NA,NA,0,NA,NA,NA,NA,NA,NA,NA,NA,0,0
Stanley Berryhill III,WR,DET,2022,NA,NA,NA,NA,NA,NA,NA,NA,NA,0,NA,NA,NA,NA,NA,NA,NA,NA,0,0
C.J. Board,WR,TEN,2022,NA,NA,NA,NA,NA,NA,NA,NA,NA,0,0,0,1,NA,NA,NA,NA,NA,1,0.3
Jalen Virgil,WR,DEN,2022,NA,NA,NA,NA,NA,NA,NA,NA,NA,1,NA,2,0,1,0,1,NA,NA,5,0.8
Duke Johnson Jr.,RB,BUF,2022,NA,NA,NA,NA,NA,NA,NA,NA,NA,0,NA,NA,NA,NA,NA,NA,NA,NA,0,0
Kyren Williams,RB,LAR,2022,NA,NA,NA,NA,NA,NA,NA,NA,NA,3,2,3,1,2,0,1,NA,NA,12,1.7
Beau Brinkley,TE,ATL,2022,NA,NA,NA,NA,NA,NA,NA,NA,NA,0,NA,NA,0,NA,NA,NA,NA,NA,0,0
Sandro Platzgummer,RB,NYG,2022,NA,NA,NA,NA,NA,NA,NA,NA,NA,0,NA,NA,NA,NA,NA,NA,NA,NA,0,0
Larry Rountree III,RB,LAC,2022,NA,NA,NA,NA,NA,NA,NA,NA,NA,0,NA,NA,NA,NA,NA,NA,NA,NA,0,0
Marken Michel,WR,WAS,2022,NA,NA,NA,NA,NA,NA,NA,NA,NA,0,NA,NA,NA,NA,NA,NA,NA,NA,0,0
Tyree Jackson,TE,PHI,2022,NA,NA,NA,NA,NA,NA,NA,NA,NA,NA,0,NA,NA,NA,0,NA,NA,NA,0,0
David Johnson,RB,NO,2022,NA,NA,NA,NA,NA,NA,NA,NA,NA,NA,1,NA,NA,NA,0,1,NA,NA,2,0.7
Brandon Johnson,WR,DEN,2022,NA,NA,NA,NA,NA,NA,NA,NA,NA,NA,2,4,NA,4,4,NA,NA,NA,14,3.5
Stone Smartt,TE,LAC,2022,NA,NA,NA,NA,NA,NA,NA,NA,NA,NA,1,NA,3,1,NA,NA,NA,NA,5,1.7
Brittain Brown,RB,LV,2022,NA,NA,NA,NA,NA,NA,NA,NA,NA,NA,0,NA,NA,NA,NA,NA,NA,NA,0,0
Maxx Williams,TE,ARI,2022,NA,NA,NA,NA,NA,NA,NA,NA,NA,NA,1,NA,NA,NA,2,0,NA,NA,3,1
Corey Clement,RB,ARI,2022,NA,NA,NA,NA,NA,NA,NA,NA,NA,NA,0,1,NA,1,NA,NA,NA,NA,2,0.7
Ben Mason,RB,BAL,2022,NA,NA,NA,NA,NA,NA,NA,NA,NA,NA,0,NA,NA,NA,NA,NA,NA,NA,0,0
Zonovan Knight,RB,NYJ,2022,NA,NA,NA,NA,NA,NA,NA,NA,NA,NA,NA,3,5,2,0,1,NA,NA,11,2.2
Darrynton Evans,RB,CHI,2022,NA,NA,NA,NA,NA,NA,NA,NA,NA,NA,NA,1,0,NA,0,NA,NA,NA,1,0.3
Alex Erickson,WR,WAS,2022,NA,NA,NA,NA,NA,NA,NA,NA,NA,NA,NA,0,0,NA,NA,NA,NA,NA,0,0
Snoop Conner,RB,JAC,2022,NA,NA,NA,NA,NA,NA,NA,NA,NA,NA,NA,0,0,NA,0,0,NA,NA,0,0
Nick Boyle,TE,BAL,2022,NA,NA,NA,NA,NA,NA,NA,NA,NA,NA,NA,0,0,NA,NA,0,NA,NA,0,0
Pharoh Cooper,WR,ARI,2022,NA,NA,NA,NA,NA,NA,NA,NA,NA,NA,NA,0,NA,0,NA,0,NA,NA,0,0
Ronald Jones II,RB,KC,2022,NA,NA,NA,NA,NA,NA,NA,NA,NA,NA,NA,1,NA,NA,0,0,NA,NA,1,0.3
Lance McCutcheon,WR,LAR,2022,NA,NA,NA,NA,NA,NA,NA,NA,NA,NA,NA,4,NA,0,NA,0,NA,NA,4,1.3
Anthony McFarland Jr.,RB,PIT,2022,NA,NA,NA,NA,NA,NA,NA,NA,NA,NA,NA,2,NA,NA,NA,NA,NA,NA,2,2
Cody White,WR,PIT,2022,NA,NA,NA,NA,NA,NA,NA,NA,NA,NA,NA,1,NA,NA,NA,NA,NA,NA,1,1
Jashaun Corbin,RB,NYG,2022,NA,NA,NA,NA,NA,NA,NA,NA,NA,NA,NA,0,NA,NA,NA,NA,NA,NA,0,0
Royce Freeman,RB,HOU,2022,NA,NA,NA,NA,NA,NA,NA,NA,NA,NA,NA,0,NA,NA,1,1,NA,NA,2,0.7
Alex Bachman,WR,HOU,2022,NA,NA,NA,NA,NA,NA,NA,NA,NA,NA,NA,0,NA,NA,NA,NA,NA,NA,0,0
Chris Pierce Jr.,TE,ARI,2022,NA,NA,NA,NA,NA,NA,NA,NA,NA,NA,NA,0,NA,NA,NA,NA,NA,NA,0,0
Austin Trammell,WR,LAR,2022,NA,NA,NA,NA,NA,NA,NA,NA,NA,NA,NA,NA,2,2,NA,NA,NA,NA,4,2
Laquon Treadwell,WR,SEA,2022,NA,NA,NA,NA,NA,NA,NA,NA,NA,NA,NA,NA,1,NA,NA,7,NA,NA,8,4
Bryant Koback,RB,MIN,2022,NA,NA,NA,NA,NA,NA,NA,NA,NA,NA,NA,NA,0,NA,NA,NA,NA,NA,0,0
Jameson Williams,WR,DET,2022,NA,NA,NA,NA,NA,NA,NA,NA,NA,NA,NA,NA,1,2,1,1,NA,NA,5,1.3
Julius Chestnut,RB,TEN,2022,NA,NA,NA,NA,NA,NA,NA,NA,NA,NA,NA,NA,0,2,0,0,NA,NA,2,0.5
James Washington,WR,DAL,2022,NA,NA,NA,NA,NA,NA,NA,NA,NA,NA,NA,NA,NA,1,NA,NA,NA,NA,1,1
Racey McMath,WR,TEN,2022,NA,NA,NA,NA,NA,NA,NA,NA,NA,NA,NA,NA,NA,4,2,NA,NA,NA,6,3
Godwin Igwebuike,RB,SEA,2022,NA,NA,NA,NA,NA,NA,NA,NA,NA,NA,NA,NA,NA,0,0,0,NA,NA,0,0
Deven Thompkins,WR,TB,2022,NA,NA,NA,NA,NA,NA,NA,NA,NA,NA,NA,NA,NA,0,1,0,NA,NA,1,0.3
John Brown,WR,BUF,2022,NA,NA,NA,NA,NA,NA,NA,NA,NA,NA,NA,NA,NA,1,NA,NA,NA,NA,1,1
Nsimba Webster,WR,CHI,2022,NA,NA,NA,NA,NA,NA,NA,NA,NA,NA,NA,NA,NA,NA,3,NA,NA,NA,3,3
Freddie Swain,WR,DEN,2022,NA,NA,NA,NA,NA,NA,NA,NA,NA,NA,NA,NA,NA,NA,1,2,NA,NA,3,1.5
Emeka Emezie,WR,ATL,2022,NA,NA,NA,NA,NA,NA,NA,NA,NA,NA,NA,NA,NA,NA,0,NA,NA,NA,0,0
Daylen Baldwin,WR,CLE,2022,NA,NA,NA,NA,NA,NA,NA,NA,NA,NA,NA,NA,NA,NA,2,NA,NA,NA,2,2
T.Y. Hilton,WR,DAL,2022,NA,NA,NA,NA,NA,NA,NA,NA,NA,NA,NA,NA,NA,NA,NA,1,NA,NA,1,1
