"Player","Pos","Team","1","2","3","4","5","6","7","8","9","10","11","12","13","14","15","16","17","18","TTL","AVG"
"Tom Brady","QB","TB","62","67","65","64","79","72","67","68","84","75","bye","69","80","76","","","","","928","71.4"
"Justin Herbert","QB","LAC","67","74","61","70","71","93","71","bye","69","55","65","66","75","80","","","","","917","70.5"
"Patrick Mahomes II","QB","KC","65","57","63","80","72","67","58","bye","100","63","65","76","55","68","","","","","889","68.4"
"Jalen Hurts","QB","PHI","77","73","70","82","73","71","bye","46","65","50","68","80","64","63","","","","","882","67.8"
"Joe Burrow","QB","CIN","100","70","68","64","63","57","68","53","58","bye","66","70","72","67","","","","","876","67.4"
"Jared Goff","QB","DET","69","61","78","74","66","bye","59","60","62","62","67","71","74","70","","","","","873","67.2"
"Trevor Lawrence","QB","JAC","70","71","75","47","75","63","71","72","69","64","bye","63","52","72","","","","","864","66.5"
"Kirk Cousins","QB","MIN","62","61","72","72","79","52","bye","71","65","83","45","69","68","65","","","","","864","66.5"
"Josh Allen","QB","BUF","59","52","92","64","48","73","bye","59","62","75","65","77","75","59","","","","","860","66.2"
"Daniel Jones","QB","NYG","60","73","72","53","61","65","77","65","bye","69","76","64","66","52","","","","","853","65.6"
"Justin Jefferson","WR","MIN","57","60","72","68","79","49","bye","70","66","83","45","67","65","61","","","","","842","64.8"
"Terry McLaurin","WR","WAS","69","66","68","70","62","56","70","58","64","71","49","51","77","bye","","","","","831","63.9"
"Donovan Peoples-Jones","WR","CLE","66","52","63","61","59","61","56","69","bye","59","74","76","60","72","","","","","828","63.7"
"Derek Carr","QB","LV","58","67","70","75","64","bye","55","44","59","70","66","76","61","60","","","","","825","63.5"
"DeVonta Smith","WR","PHI","74","72","62","71","72","63","bye","42","58","43","64","74","63","62","","","","","820","63.1"
"Aaron Rodgers","QB","GB","56","68","62","73","63","69","54","66","74","64","61","39","66","bye","","","","","815","62.7"
"Geno Smith","QB","SEA","55","49","71","70","52","68","71","64","73","52","bye","65","67","54","","","","","811","62.4"
"Adam Thielen","WR","MIN","59","59","70","70","76","45","bye","62","62","78","44","64","59","61","","","","","809","62.2"
"Diontae Johnson","WR","PIT","51","51","58","57","70","61","70","72","bye","77","70","66","53","52","","","","","808","62.2"
"Michael Pittman Jr.","WR","IND","90","0","67","59","78","80","64","55","56","63","64","64","67","bye","","","","","807","67.3"
"Davante Adams","WR","LV","55","65","70","71","64","bye","54","42","56","65","65","77","59","58","","","","","801","61.6"
"Mack Hollins","WR","LV","51","58","68","72","61","bye","56","53","50","67","66","74","60","58","","","","","794","61.1"
"Jacoby Brissett","QB","CLE","80","67","72","73","67","70","60","72","bye","67","75","79","0","1","","","","","783","65.3"
"Brandon Aiyuk","WR","SF","67","67","50","46","58","55","74","52","bye","69","46","68","80","49","","","","","781","60.1"
"Marcus Mariota","QB","ATL","75","61","57","55","66","58","47","67","61","63","55","57","54","bye","","","","","776","59.7"
"Russell Wilson","QB","DEN","66","72","74","53","73","58","0","61","bye","80","64","60","53","62","","","","","776","64.7"
"Amari Cooper","WR","CLE","66","54","59","62","60","53","57","57","bye","58","63","73","51","62","","","","","775","59.6"
"Christian Kirk","WR","JAC","64","64","70","44","72","58","67","56","52","59","bye","57","48","61","","","","","772","59.4"
"Matt Ryan","QB","IND","92","48","71","66","79","81","64","0","0","65","65","64","72","bye","","","","","767","69.7"
"A.J. Brown","WR","PHI","67","64","56","70","54","61","bye","39","56","39","60","77","60","58","","","","","761","58.5"
"Cole Kmet","TE","CHI","48","35","58","61","45","67","68","75","72","57","63","57","52","bye","","","","","758","58.3"
"T.J. Hockenson","TE","Multi","63","54","59","65","56","0","49","52","60","77","44","55","61","62","","","","","757","58.2"
"CeeDee Lamb","WR","DAL","67","58","61","58","51","62","52","49","bye","75","47","60","49","68","","","","","757","58.2"
"DJ Moore","WR","CAR","53","56","60","50","64","44","50","77","48","59","56","64","bye","69","","","","","750","57.7"
"Justin Fields","QB","CHI","58","41","63","62","50","72","71","76","74","61","69","0","52","bye","","","","","749","62.4"
"Gabe Davis","WR","BUF","58","0","88","63","47","68","bye","52","59","70","57","69","61","54","","","","","746","62.2"
"Parris Campbell","WR","IND","71","43","58","44","73","81","63","46","51","52","52","56","56","bye","","","","","746","57.4"
"Lamar Jackson","QB","BAL","56","59","60","70","65","59","64","76","68","bye","69","72","10","0","","","","","728","60.7"
"Mike Evans","WR","TB","45","41","0","58","67","69","59","64","74","55","bye","62","67","66","","","","","727","60.6"
"Joshua Palmer","WR","LAC","50","68","57","39","52","81","0","bye","63","55","60","63","70","63","","","","","721","60.1"
"Kyler Murray","QB","ARI","57","87","83","76","69","71","66","78","63","0","0","66","bye","3","","","","","719","65.4"
"Travis Kelce","TE","KC","45","51","56","65","56","52","50","bye","83","46","51","63","45","55","","","","","718","55.2"
"Zay Jones","WR","JAC","58","48","58","0","60","62","70","71","65","60","bye","57","46","56","","","","","711","59.3"
"Courtland Sutton","WR","DEN","63","66","64","50","68","58","72","58","bye","74","59","56","23","0","","","","","711","59.3"
"Saquon Barkley","RB","NYG","50","61","66","61","42","57","62","52","bye","55","58","47","58","20","","","","","689","53.0"
"Curtis Samuel","WR","WAS","55","66","64","58","57","49","57","45","48","53","41","37","56","bye","","","","","686","52.8"
"George Pickens","WR","PIT","45","50","45","45","57","53","59","65","bye","63","63","54","44","42","","","","","685","52.7"
"Stefon Diggs","WR","BUF","38","45","64","61","43","64","bye","47","46","69","43","60","55","46","","","","","681","52.4"
"Tyler Conklin","TE","NYJ","77","70","62","57","40","37","44","44","43","bye","37","50","61","53","","","","","675","51.9"
"Evan Engram","TE","JAC","50","49","58","35","56","49","60","67","38","56","bye","51","43","57","","","","","669","51.5"
"Tyler Boyd","WR","CIN","80","57","46","46","61","55","51","51","49","bye","54","53","62","2","","","","","667","51.3"
"Ben Skowronek","WR","LAR","59","54","41","65","57","44","bye","36","37","59","54","34","62","64","","","","","666","51.2"
"Dawson Knox","TE","BUF","51","47","65","48","0","62","bye","52","53","61","52","60","63","51","","","","","665","55.4"
"Tyler Lockett","WR","SEA","44","45","58","55","50","55","46","44","54","47","bye","57","59","50","","","","","664","51.1"
"Tyler Higbee","TE","LAR","63","61","45","69","63","51","bye","40","45","48","59","0","54","61","","","","","659","54.9"
"George Kittle","TE","SF","0","0","51","47","59","59","70","53","bye","71","43","68","81","50","","","","","652","59.3"
"Dalvin Cook","RB","MIN","48","42","44","45","45","45","bye","54","57","70","34","59","51","55","","","","","649","49.9"
"K.J. Osborn","WR","MIN","42","47","54","61","65","31","bye","57","53","65","42","39","45","48","","","","","649","49.9"
"Chris Godwin","WR","TB","19","0","0","53","41","64","63","61","77","67","bye","66","69","69","","","","","649","59.0"
"Garrett Wilson","WR","NYJ","41","43","49","54","33","24","43","52","55","bye","50","52","78","72","","","","","646","49.7"
"DK Metcalf","WR","SEA","45","45","66","53","50","55","20","40","59","47","bye","59","58","49","","","","","646","49.7"
"Mark Andrews","TE","BAL","47","49","54","66","62","54","56","10","0","bye","64","61","61","54","","","","","638","53.2"
"Allen Lazard","WR","GB","0","55","56","70","59","71","32","0","65","63","56","49","62","bye","","","","","638","58.0"
"Davis Mills","QB","HOU","68","60","59","57","58","bye","65","54","60","64","56","0","0","33","","","","","634","57.6"
"Ryan Tannehill","QB","TEN","65","39","58","54","64","bye","58","0","0","61","66","57","45","67","","","","","634","57.6"
"Josh Jacobs","RB","LV","35","48","45","67","52","bye","45","32","41","55","53","61","46","50","","","","","630","48.5"
"Marquez Valdes-Scantling","WR","KC","51","45","49","55","58","55","35","bye","71","53","46","44","31","35","","","","","628","48.3"
"Noah Brown","WR","DAL","61","52","51","48","42","61","50","0","bye","63","54","34","54","50","","","","","620","51.7"
"Drake London","WR","ATL","54","50","48","44","44","39","40","59","46","55","42","49","47","bye","","","","","617","47.5"
"Deebo Samuel","WR","SF","56","59","44","40","53","50","68","0","bye","62","34","55","69","27","","","","","617","51.4"
"Amon-Ra St. Brown","WR","DET","61","52","57","0","21","bye","10","57","60","50","60","62","66","61","","","","","617","51.4"
"DeAndre Carter","WR","LAC","25","49","45","49","42","68","67","bye","57","50","53","53","45","12","","","","","615","47.3"
"Hunter Henry","TE","NE","44","34","46","49","59","68","44","50","42","bye","53","39","47","39","","","","","614","47.2"
"Jimmy Garoppolo","QB","SF","0","60","56","50","66","60","69","53","bye","71","51","70","8","0","","","","","614","55.8"
"Darnell Mooney","WR","CHI","52","37","59","53","47","66","57","68","64","53","56","0","0","bye","","","","","612","55.6"
"Tyreek Hill","WR","MIA","40","54","37","60","43","60","55","49","45","49","bye","45","39","34","","","","","610","46.9"
"Chase Claypool","WR","Multi","58","54","55","47","68","55","64","61","26","19","29","38","33","0","","","","","607","46.7"
"Jaylen Waddle","WR","MIA","40","57","32","55","51","62","49","52","41","51","bye","47","24","43","","","","","604","46.5"
"Devin Singletary","RB","BUF","35","37","67","56","30","63","bye","44","46","54","47","60","33","29","","","","","601","46.2"
"Cade Otton","TE","TB","30","33","0","43","74","40","54","62","71","46","bye","36","66","45","","","","","600","50.0"
"Tua Tagovailoa","QB","MIA","60","71","40","25","0","0","62","68","57","62","bye","55","45","51","","","","","596","54.2"
"Christian McCaffrey","RB","Multi","43","53","49","45","59","38","23","43","0","46","38","44","69","44","","","","","594","45.7"
"Kenny Pickett","QB","PIT","0","0","0","31","75","37","75","76","bye","84","73","69","65","8","","","","","593","59.3"
"Ja'Marr Chase","WR","CIN","100","67","59","60","63","56","63","0","0","bye","0","0","59","63","","","","","590","65.6"
"Robert Woods","WR","TEN","46","37","42","41","54","bye","44","38","32","50","50","46","51","58","","","","","589","45.3"
"Devin Duvernay","WR","BAL","29","32","35","45","47","40","42","50","50","bye","58","56","68","35","","","","","587","45.2"
"Austin Ekeler","RB","LAC","33","47","34","41","42","61","55","bye","47","40","45","46","45","47","","","","","583","44.8"
"Mac Jones","QB","NE","57","68","66","0","0","0","18","78","63","bye","63","55","54","59","","","","","581","58.1"
"Najee Harris","RB","PIT","37","42","47","48","37","44","58","54","bye","50","67","20","43","31","","","","","578","44.5"
"David Njoku","TE","CLE","71","63","63","67","57","56","37","0","bye","0","28","64","0","69","","","","","575","57.5"
"Zach Ertz","TE","ARI","39","73","77","62","64","68","53","69","61","9","0","0","bye","0","","","","","575","57.5"
"JuJu Smith-Schuster","WR","KC","46","42","44","50","62","59","35","bye","83","24","0","29","42","55","","","","","571","47.6"
"Foster Moreau","TE","LV","0","41","35","0","0","bye","54","58","57","67","66","77","55","60","","","","","570","57.0"
"Tee Higgins","WR","CIN","26","62","46","49","0","49","57","52","46","bye","52","58","67","0","","","","","564","51.3"
"Marquise Brown","WR","ARI","62","81","79","71","67","68","0","0","0","0","0","64","bye","72","","","","","564","70.5"
"Allen Robinson II","WR","LAR","65","57","44","73","54","56","bye","54","51","55","53","0","0","0","","","","","562","56.2"
"Dalton Schultz","TE","DAL","69","55","0","55","10","0","41","41","bye","63","46","63","49","66","","","","","558","50.7"
"Leonard Fournette","RB","TB","47","58","59","39","49","59","40","49","52","22","bye","0","48","36","","","","","558","46.5"
"Nick Westbrook-Ikhine","WR","TEN","44","34","33","0","59","bye","45","43","40","48","52","43","52","64","","","","","557","46.4"
"Marvin Jones Jr.","WR","JAC","57","64","52","43","65","0","40","39","39","44","bye","38","38","35","","","","","554","46.2"
"Pat Freiermuth","TE","PIT","56","48","45","47","37","0","44","47","bye","58","52","49","36","31","","","","","550","45.8"
"Miles Sanders","RB","PHI","40","39","41","55","54","44","bye","29","42","29","44","43","39","45","","","","","544","41.8"
"Andy Dalton","QB","NO","0","0","0","57","68","63","71","54","46","43","40","49","52","bye","","","","","543","54.3"
"Dallas Goedert","TE","PHI","71","61","45","74","70","70","bye","42","59","50","0","0","0","0","","","","","542","60.2"
"Rhamondre Stevenson","RB","NE","14","42","41","32","54","60","40","49","46","bye","49","45","53","13","","","","","538","41.4"
"Matthew Stafford","QB","LAR","67","62","48","74","65","65","bye","58","57","0","38","0","0","0","","","","","534","59.3"
"Olamide Zaccheaus","WR","ATL","45","26","38","31","44","43","29","54","43","48","42","42","47","bye","","","","","532","40.9"
"Dak Prescott","QB","DAL","53","0","0","0","0","0","63","58","bye","83","64","75","65","71","","","","","532","66.5"
"Alec Pierce","WR","IND","47","0","32","29","47","53","62","33","44","42","46","45","51","bye","","","","","531","44.3"
"Cooper Kupp","WR","LAR","67","62","48","74","64","63","bye","55","57","40","0","0","0","0","","","","","530","58.9"
"Quez Watkins","WR","PHI","41","43","33","49","43","42","bye","37","35","29","36","66","37","32","","","","","523","40.2"
"Jonathan Taylor","RB","IND","70","37","54","58","0","0","35","40","0","61","49","59","59","bye","","","","","522","52.2"
"Elijah Moore","WR","NYJ","75","61","73","63","39","32","0","10","0","bye","27","22","58","61","","","","","521","47.4"
"Gerald Everett","TE","LAC","44","50","46","46","46","51","40","bye","47","10","0","38","44","58","","","","","520","43.3"
"Travis Etienne Jr.","RB","JAC","36","26","33","24","40","29","57","57","56","50","bye","5","49","54","","","","","516","39.7"
"Equanimeous St. Brown","WR","CHI","44","29","54","59","31","46","42","25","52","31","50","23","30","bye","","","","","516","39.7"
"Patrick Ricard","RB","BAL","36","37","39","49","0","45","56","39","46","bye","38","53","25","45","","","","","508","42.3"
"Dameon Pierce","RB","HOU","20","39","35","39","46","bye","34","42","47","46","43","34","47","36","","","","","508","39.1"
"Mike Williams","WR","LAC","62","66","55","65","60","87","54","bye","0","0","6","0","0","52","","","","","507","56.3"
"Aaron Jones","RB","GB","37","40","39","45","46","41","40","44","30","45","40","35","25","bye","","","","","507","39.0"
"Juwan Johnson","TE","NO","45","53","47","29","44","56","53","47","38","31","36","27","0","bye","","","","","506","42.2"
"Will Dissly","TE","SEA","37","23","43","51","33","44","54","50","43","22","bye","48","35","21","","","","","504","38.8"
"Derrick Henry","RB","TEN","44","26","43","37","41","bye","44","43","30","36","47","32","30","50","","","","","503","38.7"
"Chris Olave","WR","NO","45","51","53","41","31","0","55","37","46","36","28","38","41","bye","","","","","502","41.8"
"Darius Slayton","WR","NYG","0","0","0","39","33","45","44","48","bye","55","66","54","61","53","","","","","498","49.8"
"Joe Mixon","RB","CIN","73","53","45","53","44","41","49","38","48","bye","14","0","0","39","","","","","497","45.2"
"Hayden Hurst","TE","CIN","75","57","26","36","51","40","42","38","34","bye","43","46","9","0","","","","","497","41.4"
"Nick Chubb","RB","CLE","42","36","45","40","35","31","34","37","bye","32","41","47","32","45","","","","","497","38.2"
"Taylor Heinicke","QB","WAS","0","0","0","0","0","0","74","61","64","83","68","62","85","bye","","","","","497","71.0"
"David Montgomery","RB","CHI","38","33","11","0","36","56","40","55","52","40","55","39","40","bye","","","","","495","41.3"
"Noah Fant","TE","SEA","31","26","39","41","31","43","52","46","44","27","bye","40","45","30","","","","","495","38.1"
"Brandin Cooks","WR","HOU","64","55","51","46","45","bye","58","44","0","41","45","45","0","0","","","","","494","49.4"
"DeVante Parker","WR","NE","57","52","64","56","31","55","48","1","0","bye","25","47","47","6","","","","","489","40.8"
"James Conner","RB","ARI","47","18","50","50","24","0","0","0","45","65","55","64","bye","71","","","","","489","48.9"
"Alvin Kamara","RB","NO","38","0","48","0","56","50","52","46","45","37","40","38","35","bye","","","","","485","44.1"
"Jakobi Meyers","WR","NE","50","56","0","0","48","57","52","63","51","bye","60","16","31","0","","","","","484","48.4"
"Josh Reynolds","WR","DET","55","44","62","62","60","bye","47","48","0","0","0","0","60","43","","","","","481","53.4"
"Michael Gallup","WR","DAL","0","0","0","39","30","51","42","49","bye","69","45","57","45","54","","","","","481","48.1"
"Jerry Jeudy","WR","DEN","59","10","44","47","61","53","70","52","bye","1","0","0","20","60","","","","","477","43.4"
"Demarcus Robinson","WR","BAL","25","23","22","39","49","45","0","48","34","bye","54","43","55","37","","","","","474","39.5"
"Trent Sherfield","WR","MIA","21","25","27","40","44","52","35","40","37","45","bye","46","30","31","","","","","473","36.4"
"Kalif Raymond","WR","DET","8","6","13","38","56","bye","53","54","59","51","57","54","13","8","","","","","470","36.2"
"Noah Gray","TE","KC","37","28","26","46","29","28","37","bye","40","29","39","50","32","39","","","","","460","35.4"
"Tony Pollard","RB","DAL","38","24","28","24","23","27","41","31","bye","72","39","44","28","41","","","","","460","35.4"
"Rondale Moore","WR","ARI","0","0","0","65","63","70","59","77","57","66","2","0","bye","0","","","","","459","57.4"
"Corey Davis","WR","NYJ","57","55","68","52","45","47","13","0","0","bye","0","43","69","9","","","","","458","45.8"
"Isaiah McKenzie","WR","BUF","26","31","47","31","0","37","bye","31","41","52","26","56","39","38","","","","","455","37.9"
"Logan Thomas","TE","WAS","48","54","50","55","0","0","0","0","46","61","46","44","48","bye","","","","","452","50.2"
"A.J. Green","WR","ARI","48","74","28","0","50","49","0","37","0","30","55","35","bye","45","","","","","451","45.1"
"Nico Collins","WR","HOU","47","42","40","44","47","bye","30","0","0","50","48","46","47","0","","","","","441","44.1"
"Robert Tonyan","TE","GB","22","27","36","32","28","46","30","49","34","41","36","25","34","bye","","","","","440","33.8"
"Jahan Dotson","WR","WAS","68","73","67","44","0","0","0","0","0","34","45","38","67","bye","","","","","436","54.5"
"Kyle Pitts","TE","ATL","63","57","38","34","0","33","37","50","42","56","24","0","0","bye","","","","","434","43.4"
"Baker Mayfield","QB","Multi","53","58","61","52","60","0","0","0","31","0","57","0","0","61","","","","","433","54.1"
"Antonio Gibson","RB","WAS","49","40","34","30","20","15","29","22","37","40","46","26","42","bye","","","","","430","33.1"
"Raheem Mostert","RB","MIA","25","39","24","46","46","48","44","44","27","19","bye","0","28","37","","","","","427","35.6"
"Kendall Hinton","WR","DEN","0","55","32","30","0","12","7","0","bye","77","56","55","41","62","","","","","427","42.7"
"DeAndre Hopkins","WR","ARI","0","0","0","0","0","0","61","78","59","64","49","49","bye","64","","","","","424","60.6"
"Carson Wentz","QB","WAS","77","74","77","74","63","57","0","0","0","0","0","0","0","bye","","","","","422","70.3"
"Terrace Marshall Jr.","WR","CAR","0","0","0","0","26","20","43","74","45","59","53","41","bye","61","","","","","422","46.9"
"AJ Dillon","RB","GB","31","39","33","42","20","36","16","28","49","24","29","21","45","bye","","","","","413","31.8"
"Romeo Doubs","WR","GB","35","25","55","70","54","70","48","54","1","0","0","0","0","bye","","","","","412","45.8"
"Zach Wilson","QB","NYJ","0","0","0","70","59","55","59","59","60","bye","50","0","0","0","","","","","412","58.9"
"Jerick McKinnon","RB","KC","27","27","33","18","38","29","28","bye","62","24","34","26","26","39","","","","","411","31.6"
"Chris Moore","WR","HOU","34","41","31","32","0","bye","36","0","44","34","33","36","36","53","","","","","410","37.3"
"Kareem Hunt","RB","CLE","45","31","32","36","33","30","28","33","bye","24","32","32","24","28","","","","","408","31.4"
"Jeff Wilson Jr.","RB","Multi","40","37","41","33","39","31","26","19","28","42","0","46","17","8","","","","","407","31.3"
"David Bell","WR","CLE","0","20","40","19","29","44","34","34","bye","35","48","50","3","49","","","","","405","33.8"
"Greg Dulcich","TE","DEN","0","0","0","0","0","41","47","49","bye","71","53","52","38","54","","","","","405","50.6"
"Michael Carter","RB","NYJ","50","43","38","31","25","27","43","33","31","bye","25","19","0","37","","","","","402","33.5"
"Ezekiel Elliott","RB","DAL","40","41","41","39","36","41","31","0","bye","0","21","38","38","35","","","","","401","36.5"
"C.J. Uzomah","TE","NYJ","0","0","27","31","41","43","36","37","32","bye","33","48","39","34","","","","","401","36.5"
"Mike Gesicki","TE","MIA","25","44","17","28","36","50","38","31","28","32","bye","41","9","20","","","","","399","30.7"
"Austin Hooper","TE","TEN","40","28","24","20","34","bye","26","27","31","38","30","38","27","36","","","","","399","30.7"
"Zach Gentry","TE","PIT","19","0","0","39","48","42","34","29","bye","43","30","36","48","25","","","","","393","35.7"
"Shi Smith","WR","CAR","41","41","22","39","43","24","25","38","39","16","34","0","bye","24","","","","","386","32.2"
"Harrison Bryant","TE","CLE","38","31","0","49","38","25","34","0","bye","51","55","21","36","8","","","","","386","35.1"
"Dante Pettis","WR","CHI","23","23","36","36","30","44","22","42","27","27","18","23","34","bye","","","","","385","29.6"
"Kenneth Walker III","RB","SEA","0","12","9","25","30","47","52","49","56","45","bye","46","14","0","","","","","385","35.0"
"Robbie Anderson","WR","Multi","53","54","51","50","53","0","12","7","52","0","0","28","0","23","","","","","383","38.3"
"Kyle Juszczyk","RB","SF","25","40","35","32","38","32","38","0","bye","0","25","30","46","41","","","","","382","34.7"
"Kylen Granson","TE","IND","51","27","30","30","38","31","21","32","26","30","25","0","41","bye","","","","","382","31.8"
"Ian Thomas","TE","CAR","35","43","38","15","27","23","31","44","0","0","31","38","bye","46","","","","","371","33.7"
"Brock Wright","TE","DET","0","22","0","24","0","bye","31","23","50","46","50","48","35","40","","","","","369","36.9"
"Russell Gage","WR","TB","26","44","52","41","58","55","41","0","0","0","bye","0","26","25","","","","","368","40.9"
"Richie James Jr.","WR","NYG","42","31","53","21","33","22","7","4","bye","0","17","45","34","58","","","","","367","30.6"
"Rachaad White","RB","TB","17","9","6","24","31","16","29","18","29","48","bye","62","33","40","","","","","362","27.8"
"Samaje Perine","RB","CIN","26","14","23","12","19","14","20","13","27","bye","46","56","60","29","","","","","359","27.6"
"Jamaal Williams","RB","DET","23","21","35","36","22","bye","26","22","38","25","32","30","23","26","","","","","359","27.6"
"Daniel Bellinger","TE","NYG","0","42","43","39","45","61","26","0","bye","0","0","0","64","39","","","","","359","44.9"
"Mo Alie-Cox","TE","IND","50","27","42","46","35","0","0","29","34","0","40","22","31","bye","","","","","356","35.6"
"Greg Dortch","WR","ARI","59","62","67","27","2","4","35","20","5","2","66","0","bye","4","","","","","353","29.4"
"Justin Watson","WR","KC","16","14","10","14","11","7","10","bye","26","46","57","64","34","44","","","","","353","27.2"
"Jack Stoll","TE","PHI","0","0","37","0","0","32","bye","30","23","11","55","64","54","47","","","","","353","39.2"
"Nelson Agholor","WR","NE","33","34","50","38","7","0","3","19","0","bye","37","43","30","57","","","","","351","31.9"
"Tommy Tremble","TE","CAR","18","0","24","22","39","0","32","46","27","39","21","49","bye","29","","","","","346","31.5"
"DJ Chark Jr.","WR","DET","56","40","62","0","0","bye","0","0","0","0","11","52","64","60","","","","","345","49.3"
"Marquise Goodwin","WR","SEA","28","26","30","29","0","31","38","25","0","41","bye","29","25","41","","","","","343","31.2"
"Parker Hesse","TE","ATL","48","40","43","48","41","0","0","29","0","22","0","35","34","bye","","","","","340","37.8"
"Tyler Allgeier","RB","ATL","0","19","21","24","39","33","29","40","23","30","30","22","28","bye","","","","","338","28.2"
"Kendrick Bourne","WR","NE","2","24","18","26","34","4","0","54","48","bye","24","38","20","42","","","","","334","27.8"
"Phillip Dorsett II","WR","HOU","4","0","13","11","11","bye","35","45","46","28","14","26","46","54","","","","","333","27.8"
"Tre' McKitty","TE","LAC","40","0","19","37","36","39","24","bye","0","45","0","26","25","41","","","","","332","33.2"
"Cooper Rush","QB","DAL","16","61","64","61","55","67","0","0","bye","0","8","0","0","0","","","","","332","47.4"
"Darrell Henderson Jr.","RB","LAR","55","35","24","44","37","46","bye","24","28","34","4","0","0","0","","","","","331","33.1"
"Christian Watson","WR","GB","40","22","0","18","18","0","0","6","17","54","49","45","61","bye","","","","","330","33.0"
"Trey McBride","TE","ARI","0","0","0","32","0","20","34","20","0","62","54","52","bye","55","","","","","329","41.1"
"Johnny Mundt","TE","MIN","40","28","28","20","35","29","bye","43","15","0","27","37","24","0","","","","","326","29.6"
"Eno Benjamin","RB","Multi","22","37","22","11","37","62","48","58","17","1","0","0","0","8","","","","","323","29.4"
"Jonnu Smith","TE","NE","39","39","32","0","0","30","17","50","34","bye","34","0","17","28","","","","","320","32.0"
"Keelan Cole Sr.","WR","LV","0","0","40","49","5","bye","0","18","0","48","44","50","35","29","","","","","318","35.3"
"Marquez Callaway","WR","NO","0","0","13","58","56","54","52","21","29","0","21","0","13","bye","","","","","317","35.2"
"Kenyan Drake","RB","BAL","33","16","0","0","27","34","17","44","46","bye","35","18","34","11","","","","","315","28.6"
"Durham Smythe","TE","MIA","38","35","32","40","33","0","0","0","33","37","bye","37","27","0","","","","","312","34.7"
"Geoff Swaim","TE","TEN","45","0","40","0","42","bye","37","0","0","33","47","31","20","17","","","","","312","34.7"
"Adam Trautman","TE","NO","0","0","44","39","50","16","0","0","18","19","40","35","47","bye","","","","","308","34.2"
"Julio Jones","WR","TB","32","0","0","18","0","0","0","39","30","38","bye","43","52","55","","","","","307","38.4"
"Jauan Jennings","WR","SF","41","35","26","18","15","19","32","0","bye","23","22","29","22","22","","","","","304","25.3"
"Mecole Hardman","WR","KC","39","31","43","37","29","30","40","bye","54","0","0","0","0","0","","","","","303","37.9"
"Tyquan Thornton","WR","NE","0","0","0","0","25","40","44","61","42","bye","17","0","21","52","","","","","302","37.8"
"Tre'Quan Smith","WR","NO","0","0","42","14","52","51","44","38","36","7","0","15","0","bye","","","","","299","33.2"
"Cameron Brate","TE","TB","42","38","58","22","0","34","0","0","0","34","bye","35","0","28","","","","","291","36.4"
"Latavius Murray","RB","Multi","0","0","0","26","0","27","31","27","0","25","32","49","36","38","","","","","291","32.3"
"Keenan Allen","WR","LAC","22","0","0","0","0","0","23","bye","0","0","44","59","72","69","","","","","289","48.2"
"Mitch Trubisky","QB","PIT","63","59","59","33","0","27","0","0","bye","0","0","0","0","47","","","","","288","48.0"
"Jarvis Landry","WR","NO","44","46","21","38","0","0","0","0","0","37","32","32","32","bye","","","","","282","35.3"
"D'Andre Swift","RB","DET","46","31","32","0","0","bye","0","33","10","19","21","24","39","25","","","","","280","28.0"
"Pharaoh Brown","TE","Multi","46","45","48","0","0","19","11","25","0","28","11","0","40","0","","","","","273","30.3"
"Eric Saubert","TE","DEN","18","26","35","41","41","0","15","10","bye","15","27","0","26","19","","","","","273","24.8"
"Cam Sims","WR","WAS","8","8","0","0","37","41","49","49","28","27","18","0","7","bye","","","","","272","27.2"
"James Robinson","RB","Multi","34","45","44","22","31","27","12","13","24","0","11","0","9","0","","","","","272","24.7"
"Cordarrelle Patterson","RB","ATL","49","36","35","16","0","0","0","0","24","24","27","33","25","bye","","","","","269","29.9"
"John Bates","TE","WAS","42","24","20","30","37","0","0","20","25","0","35","36","0","bye","","","","","269","29.9"
"Sammy Watkins","WR","GB","41","44","0","0","0","0","28","52","60","21","22","0","0","bye","","","","","268","38.3"
"D'Onta Foreman","RB","CAR","7","3","0","4","3","10","27","54","21","45","22","35","bye","34","","","","","265","22.1"
"Jake Ferguson","TE","DAL","0","0","53","17","0","34","24","32","bye","0","36","36","32","0","","","","","264","33.0"
"Jordan Akins","TE","HOU","0","0","17","20","10","bye","26","14","16","33","26","32","34","35","","","","","263","23.9"
"Randall Cobb","WR","GB","37","20","25","25","40","26","0","0","0","0","34","22","33","bye","","","","","262","29.1"
"PJ Walker","QB","CAR","0","0","0","0","9","37","50","80","18","66","0","0","bye","0","","","","","260","43.3"
"Braxton Berrios","WR","NYJ","39","16","24","8","13","16","33","30","21","bye","6","16","20","17","","","","","259","19.9"
"Brian Robinson Jr.","RB","WAS","0","0","0","0","18","27","35","15","28","43","23","30","40","bye","","","","","259","28.8"
"Skyy Moore","WR","KC","13","2","8","22","25","20","14","bye","26","16","27","35","23","27","","","","","258","19.8"
"Van Jefferson","WR","LAR","0","0","0","0","0","0","bye","0","20","17","47","47","64","62","","","","","257","42.8"
"Zach Pascal","WR","PHI","17","31","30","20","0","9","bye","23","20","21","29","9","28","19","","","","","256","21.3"
"Isaiah Hodgins","WR","Multi","0","0","0","0","13","0","0","0","0","43","45","45","53","57","","","","","256","42.7"
"Chigoziem Okonkwo","TE","TEN","10","16","0","13","13","bye","27","24","18","20","30","19","32","33","","","","","255","21.3"
"Melvin Gordon III","RB","DEN","27","23","28","10","41","9","40","34","bye","43","0","0","0","0","","","","","255","28.3"
"Irv Smith Jr.","TE","MIN","19","34","37","46","50","33","bye","34","0","0","0","0","0","0","","","","","253","36.1"
"Hunter Renfrow","WR","LV","48","46","0","0","35","bye","32","46","44","0","0","0","0","0","","","","","251","41.8"
"Isiah Pacheco","RB","KC","16","5","5","17","2","10","19","bye","22","35","26","39","25","29","","","","","250","19.2"
"O.J. Howard","TE","HOU","12","18","18","43","46","bye","0","27","26","33","14","12","0","0","","","","","249","24.9"
"Josh Oliver","TE","BAL","0","0","24","0","23","21","31","38","44","bye","23","44","0","0","","","","","248","31.0"
"Denzel Mims","WR","NYJ","0","0","0","0","0","0","24","44","50","bye","45","18","16","51","","","","","248","35.4"
"Cam Akers","RB","LAR","12","27","24","28","20","0","bye","0","11","10","25","16","46","27","","","","","246","22.4"
"Isaiah Likely","TE","BAL","25","21","20","0","15","13","7","51","52","bye","22","0","19","0","","","","","245","24.5"
"David Sills V","WR","NYG","0","67","45","47","26","23","24","10","bye","0","0","0","0","0","","","","","242","34.6"
"Treylon Burks","WR","TEN","24","25","40","35","0","bye","0","0","0","35","33","38","10","0","","","","","240","30.0"
"Joe Flacco","QB","NYJ","84","70","78","0","0","0","0","0","0","bye","0","0","0","7","","","","","239","59.8"
"Jaylen Warren","RB","PIT","23","17","12","16","38","20","17","22","bye","36","3","0","13","22","","","","","239","19.9"
"Kenneth Gainwell","RB","PHI","23","19","22","22","16","17","bye","14","18","16","11","27","20","12","","","","","237","18.2"
"Peyton Hendershot","TE","DAL","0","0","38","4","37","41","19","21","bye","17","25","20","15","0","","","","","237","23.7"
"Khalil Herbert","RB","CHI","17","8","38","48","14","16","29","22","21","23","0","0","0","bye","","","","","236","23.6"
"Mitchell Wilcox","TE","CIN","0","19","39","32","0","0","26","15","0","bye","0","0","52","53","","","","","236","33.7"
"Alec Ingold","RB","MIA","22","26","12","0","0","26","0","27","0","42","bye","34","25","20","","","","","234","26.0"
"Breece Hall","RB","NYJ","38","19","40","46","41","37","12","0","0","bye","0","0","0","0","","","","","233","33.3"
"Wan'Dale Robinson","WR","NYG","9","0","0","0","0","15","53","45","bye","52","55","0","0","0","","","","","229","38.2"
"Colby Parkinson","TE","SEA","20","0","26","25","0","24","27","23","29","14","bye","0","24","17","","","","","229","22.9"
"Taysom Hill","TE","NO","16","6","0","12","23","15","18","23","17","19","24","28","27","bye","","","","","228","19.0"
"Tom Kennedy","WR","DET","0","0","0","60","35","bye","30","0","41","38","19","4","0","0","","","","","227","32.4"
"Clyde Edwards-Helaire","RB","KC","27","25","25","45","31","28","17","bye","17","4","5","0","0","0","","","","","224","22.4"
"K.J. Hamler","WR","DEN","40","0","19","4","39","33","46","43","bye","0","0","0","0","0","","","","","224","32.0"
"Scotty Miller","WR","TB","0","29","52","0","36","2","8","20","35","14","bye","0","15","11","","","","","222","22.2"
"Trenton Irwin","WR","CIN","0","0","0","0","0","0","0","23","36","bye","46","52","9","56","","","","","222","37.0"
"J.D. McKissic","RB","WAS","31","34","41","38","26","17","12","22","0","0","0","0","0","bye","","","","","221","27.6"
"Alexander Mattison","RB","MIN","14","19","28","27","34","7","bye","17","9","13","16","10","17","10","","","","","221","17.0"
"Mike White","QB","NYJ","0","0","0","0","0","0","0","0","0","bye","0","63","85","67","","","","","215","71.7"
"Marcus Johnson","WR","NYG","0","0","0","0","47","40","61","56","bye","0","0","0","10","0","","","","","214","42.8"
"Chris Myarick","TE","NYG","14","23","21","0","27","0","46","30","bye","16","0","23","8","4","","","","","212","21.2"
"Chris Manhertz","TE","JAC","0","0","0","14","26","36","24","27","37","0","bye","0","15","30","","","","","209","26.1"
"Bailey Zappe","QB","NE","0","0","0","43","60","70","34","0","0","bye","0","0","0","0","","","","","207","51.8"
"Mark Ingram II","RB","NO","20","25","23","29","17","24","20","5","0","0","0","17","25","bye","","","","","205","20.5"
"Rex Burkhead","RB","HOU","50","23","24","18","12","bye","23","10","13","16","0","11","0","5","","","","","205","18.6"
"Chase Edmonds","RB","Multi","38","36","19","18","10","31","18","16","0","15","3","0","0","0","","","","","204","20.4"
"Ray-Ray McCloud","WR","SF","18","18","10","9","18","20","20","30","bye","7","8","7","7","28","","","","","200","15.4"
"Dontrell Hilliard","RB","TEN","12","0","14","17","20","bye","17","16","16","26","12","21","20","9","","","","","200","16.7"
"Justice Hill","RB","BAL","11","21","28","25","0","0","20","16","17","bye","28","14","17","2","","","","","199","18.1"
"Nyheim Hines","RB","Multi","26","15","32","21","3","0","24","21","4","6","10","4","23","10","","","","","199","15.3"
"Michael Bandy","WR","LAC","0","0","0","20","0","5","42","bye","55","49","8","2","17","0","","","","","198","24.8"
"Darren Waller","TE","LV","49","37","51","60","0","bye","0","0","0","0","0","0","0","0","","","","","197","49.3"
"Jameis Winston","QB","NO","61","66","69","0","0","0","0","0","0","0","0","0","0","bye","","","","","196","65.3"
"Colt McCoy","QB","ARI","0","0","0","0","0","0","0","0","0","66","56","0","bye","72","","","","","194","64.7"
"Rashod Bateman","WR","BAL","37","36","37","31","0","0","36","13","0","bye","0","0","0","0","","","","","190","31.7"
"Brevin Jordan","TE","HOU","42","23","0","0","0","bye","30","30","38","0","0","0","24","0","","","","","187","31.2"
"Matt Breida","RB","NYG","13","11","8","9","18","16","18","14","bye","14","15","18","9","23","","","","","186","14.3"
"James Cook","RB","BUF","3","18","11","2","10","10","bye","15","14","13","16","14","32","24","","","","","182","14.0"
"Cole Turner","TE","WAS","0","0","0","0","32","53","27","0","0","0","26","20","24","bye","","","","","182","30.3"
"Cedrick Wilson Jr.","WR","MIA","28","22","0","0","16","0","4","14","13","21","bye","33","9","20","","","","","180","18.0"
"Damiere Byrd","WR","ATL","0","0","0","11","21","0","16","34","29","30","19","0","19","bye","","","","","179","22.4"
"Jelani Woods","TE","IND","0","0","16","15","23","31","19","0","18","0","0","41","15","bye","","","","","178","22.3"
"Damien Harris","RB","NE","22","27","25","26","6","0","9","32","0","bye","15","11","0","0","","","","","173","19.2"
"Rashaad Penny","RB","SEA","38","20","49","48","15","0","0","0","0","0","bye","0","0","0","","","","","170","34.0"
"Joshua Kelley","RB","LAC","18","19","13","14","27","0","0","bye","0","0","0","14","32","32","","","","","169","21.1"
"Deon Jackson","RB","IND","0","2","0","0","46","54","5","2","39","0","13","0","8","bye","","","","","169","21.1"
"Ashton Dulin","WR","IND","32","32","18","19","12","0","0","0","0","0","13","22","20","bye","","","","","168","21.0"
"Eric Tomlinson","TE","DEN","20","0","0","0","35","16","35","18","bye","21","0","0","0","23","","","","","168","24.0"
"Tanner Hudson","TE","NYG","0","27","0","37","0","0","30","47","bye","11","0","14","0","0","","","","","166","27.7"
"Sterling Shepard","WR","NYG","43","64","58","0","0","0","0","0","bye","0","0","0","0","0","","","","","165","55.0"
"Jakob Johnson","RB","LV","8","0","16","0","25","bye","16","0","13","20","22","20","0","23","","","","","163","18.1"
"Breshad Perriman","WR","TB","26","50","47","0","0","2","0","5","24","0","bye","8","0","0","","","","","162","23.1"
"Mike Thomas","WR","CIN","69","0","0","0","45","0","0","24","22","bye","0","0","0","0","","","","","160","40.0"
"Ko Kieft","TE","TB","0","24","11","9","14","18","18","13","17","0","bye","16","15","5","","","","","160","14.5"
"Steven Sims Jr.","WR","PIT","0","0","0","0","3","6","0","11","bye","32","32","24","25","27","","","","","160","20.0"
"Brandon Powell","WR","LAR","3","6","6","6","11","25","bye","3","5","5","20","26","26","14","","","","","156","12.0"
"Kenny Golladay","WR","NYG","46","0","24","27","0","0","0","0","bye","26","33","0","0","0","","","","","156","31.2"
"Dee Eskridge","WR","SEA","5","6","0","19","25","13","30","19","39","0","bye","0","0","0","","","","","156","19.5"
"Khalil Shakir","WR","BUF","0","24","0","16","39","15","bye","17","0","15","0","0","16","12","","","","","154","19.3"
"Lawrence Cager","WR","Multi","10","0","0","0","0","0","0","12","0","45","56","28","0","0","","","","","151","30.2"
"Gunner Olszewski","WR","PIT","9","8","3","9","0","0","10","0","bye","22","31","21","18","20","","","","","151","15.1"
"Travis Homer","RB","SEA","19","22","2","0","0","0","0","14","21","8","bye","13","0","49","","","","","148","18.5"
"Trent Taylor","WR","CIN","14","0","2","2","1","3","13","7","26","bye","10","11","5","52","","","","","146","12.2"
"Brock Purdy","QB","SF","0","0","0","0","1","0","10","0","bye","0","7","0","76","52","","","","","146","29.2"
"Justin Jackson","RB","DET","0","0","0","10","14","bye","12","0","13","17","25","18","16","20","","","","","145","16.1"
"Giovanni Ricci","TE","CAR","12","18","31","24","20","0","10","7","13","8","0","0","bye","0","","","","","143","15.9"
"Javonte Williams","RB","DEN","38","47","33","24","0","0","0","0","bye","0","0","0","0","0","","","","","142","35.5"
"Quintin Morris","TE","BUF","0","28","29","16","38","12","bye","0","0","0","0","18","0","0","","","","","141","23.5"
"James Proche II","WR","BAL","5","0","0","0","18","0","8","48","17","bye","17","14","13","0","","","","","140","17.5"
"Rashid Shaheed","WR","NO","0","0","0","0","0","9","10","15","5","6","28","30","36","bye","","","","","139","17.4"
"Sam Darnold","QB","CAR","0","0","0","0","0","0","0","0","0","0","0","66","bye","72","","","","","138","69.0"
"Malik Willis","QB","TEN","0","17","0","0","0","bye","0","58","51","1","0","0","10","0","","","","","137","27.4"
"Teagan Quitoriano","TE","HOU","0","0","0","0","0","bye","0","0","18","0","37","36","46","0","","","","","137","34.3"
"Michael Thomas","WR","NO","37","52","47","0","0","0","0","0","0","0","0","0","0","bye","","","","","136","45.3"
"MyCole Pruitt","TE","ATL","0","0","0","0","0","16","0","0","18","12","31","32","27","bye","","","","","136","22.7"
"Armani Rogers","TE","WAS","4","0","14","0","5","18","38","22","13","21","0","0","0","bye","","","","","135","16.9"
"Jody Fortson","TE","KC","24","6","8","23","0","0","22","bye","0","7","18","17","10","0","","","","","135","15.0"
"Amari Rodgers","WR","Multi","0","1","3","0","1","24","16","28","19","6","0","0","0","36","","","","","134","14.9"
"Laviska Shenault Jr.","WR","CAR","0","0","11","4","0","0","2","23","3","26","16","28","bye","21","","","","","134","14.9"
"JaMycal Hasty","RB","JAC","0","0","3","3","3","10","4","16","13","14","bye","49","0","18","","","","","133","13.3"
"Deshaun Watson","QB","CLE","0","0","0","0","0","0","0","0","bye","0","0","0","62","71","","","","","133","66.5"
"J.K. Dobbins","RB","BAL","0","0","27","35","26","16","0","0","0","bye","0","0","0","26","","","","","130","26.0"
"Kevin White","WR","NO","0","0","0","0","0","12","21","30","18","31","0","18","0","bye","","","","","130","21.7"
"Marcedes Lewis","TE","GB","0","0","0","0","32","0","0","0","32","37","0","0","28","bye","","","","","129","32.3"
"Chuba Hubbard","RB","CAR","3","2","7","3","0","4","23","0","0","12","23","28","bye","23","","","","","128","12.8"
"Grant Calcaterra","TE","PHI","0","0","17","0","0","0","bye","0","0","0","19","23","28","39","","","","","126","25.2"
"Kyren Williams","RB","LAR","0","0","0","0","0","0","bye","0","0","16","35","38","18","19","","","","","126","25.2"
"Kyle Allen","QB","HOU","0","0","0","0","0","bye","0","0","0","0","0","61","65","0","","","","","126","63.0"
"Tutu Atwell","WR","LAR","7","0","3","0","9","2","bye","0","0","0","7","28","30","39","","","","","125","15.6"
"Sony Michel","RB","LAC","16","9","14","17","2","30","13","bye","11","8","5","0","0","0","","","","","125","12.5"
"Lil'Jordan Humphrey","WR","NE","0","26","54","31","14","0","0","0","0","bye","0","0","0","0","","","","","125","31.3"
"Ameer Abdullah","RB","LV","7","14","0","1","0","bye","7","20","14","15","11","14","12","8","","","","","123","11.2"
"DeeJay Dallas","RB","SEA","3","2","15","3","10","23","19","5","2","0","bye","9","32","0","","","","","123","11.2"
"Boston Scott","RB","PHI","14","15","7","0","0","10","bye","13","5","5","13","10","17","12","","","","","121","11.0"
"Albert Okwuegbunam","TE","DEN","44","38","24","0","15","0","0","0","bye","0","0","0","0","0","","","","","121","30.3"
"Sam Ehlinger","QB","IND","0","0","0","0","0","0","0","58","62","0","0","0","0","bye","","","","","120","60.0"
"Mike Boone","RB","DEN","3","0","14","19","30","21","9","0","bye","0","0","0","12","11","","","","","119","14.9"
"Skylar Thompson","QB","MIA","0","0","0","0","66","24","0","0","0","7","bye","21","1","0","","","","","119","23.8"
"Caleb Huntley","RB","ATL","0","3","0","12","16","20","11","24","13","9","2","3","5","bye","","","","","118","10.7"
"John Wolford","QB","LAR","0","0","0","0","0","0","bye","0","0","55","0","0","63","0","","","","","118","59.0"
"Brandon Johnson","WR","DEN","0","0","0","0","0","0","0","0","bye","0","22","42","0","53","","","","","117","39.0"
"KhaDarel Hodge","WR","ATL","20","12","0","18","20","7","2","0","16","8","6","0","6","bye","","","","","115","11.5"
"Connor Heyward","TE","PIT","1","4","0","0","10","30","5","7","bye","17","4","10","14","11","","","","","113","10.3"
"Gus Edwards","RB","BAL","0","0","0","0","0","0","23","16","0","bye","0","36","17","21","","","","","113","22.6"
"Keith Smith","RB","ATL","0","0","0","15","17","28","0","16","15","6","0","0","15","bye","","","","","112","16.0"
"Zonovan Knight","RB","NYJ","0","0","0","0","0","0","0","0","0","bye","0","30","47","35","","","","","112","37.3"
"Cody Hollister","WR","TEN","8","0","0","0","20","bye","22","32","25","0","0","4","0","0","","","","","111","18.5"
"River Cracraft","WR","MIA","0","16","9","10","14","17","0","0","0","0","bye","25","20","0","","","","","111","15.9"
"Josiah Deguara","TE","GB","15","0","0","11","9","5","0","30","28","0","0","0","10","bye","","","","","108","15.4"
"Dan Arnold","TE","JAC","0","16","0","6","8","0","10","15","24","6","bye","0","8","15","","","","","108","12.0"
"Ty Johnson","RB","NYJ","0","13","0","0","0","0","10","19","7","bye","14","15","28","0","","","","","106","15.1"
"Dyami Brown","WR","WAS","0","0","12","21","20","3","0","0","20","16","0","14","0","bye","","","","","106","15.1"
"N'Keal Harry","WR","CHI","0","0","0","0","0","0","30","50","21","0","0","0","5","bye","","","","","106","26.5"
"Avery Williams","RB","ATL","23","15","4","7","17","7","7","5","3","9","0","7","0","bye","","","","","104","9.5"
"Tyler Davis","TE","GB","15","21","19","21","8","0","11","0","0","0","0","9","0","bye","","","","","104","14.9"
"Craig Reynolds","RB","DET","0","9","13","24","31","bye","20","5","1","0","0","0","0","0","","","","","103","14.7"
"Nick Vannett","TE","Multi","0","0","5","0","0","0","0","37","0","0","0","0","30","28","","","","","100","25.0"
"Tyler Huntley","QB","BAL","0","0","0","0","0","0","0","0","0","bye","0","0","62","38","","","","","100","50.0"
"Darrel Williams","RB","ARI","0","40","14","16","8","0","0","21","0","0","0","0","bye","0","","","","","99","19.8"
"Jamal Agnew","WR","JAC","7","7","12","18","6","5","0","0","1","7","bye","15","9","11","","","","","98","8.9"
"Andrew Beck","TE","DEN","10","21","0","12","19","16","20","0","bye","0","0","0","0","0","","","","","98","16.3"
"Teddy Bridgewater","QB","MIA","0","0","3","39","1","54","0","0","0","0","bye","0","0","0","","","","","97","24.3"
"Tyler Kroft","TE","SF","37","0","0","0","0","0","0","18","bye","0","0","0","23","16","","","","","94","23.5"
"C.J. Ham","RB","MIN","14","0","13","9","0","18","bye","13","0","7","0","0","14","6","","","","","94","11.8"
"Jamison Crowder","WR","BUF","18","19","45","11","0","0","bye","0","0","0","0","0","0","0","","","","","93","23.3"
"Stephen Anderson","TE","ARI","9","19","6","3","0","0","6","0","0","25","10","0","bye","14","","","","","92","11.5"
"Byron Pringle","WR","CHI","10","14","2","0","0","0","0","0","0","20","14","31","0","bye","","","","","91","15.2"
"Ryan Griffin","TE","CHI","31","11","0","0","13","3","11","0","0","13","8","0","0","bye","","","","","90","12.9"
"Brett Rypien","QB","DEN","0","0","0","0","0","0","79","0","bye","0","0","0","0","10","","","","","89","44.5"
"Trevon Wesco","TE","CHI","0","0","0","16","0","0","0","25","18","15","0","13","0","bye","","","","","87","17.4"
"Kadarius Toney","WR","Multi","7","28","0","0","0","0","0","0","9","28","14","0","0","0","","","","","86","17.2"
"Bryce Perkins","QB","LAR","0","0","0","0","0","0","bye","0","0","5","26","54","1","0","","","","","86","21.5"
"Zack Moss","RB","Multi","22","13","16","6","16","0","0","0","0","1","4","1","5","0","","","","","84","9.3"
"Trey Lance","QB","SF","68","16","0","0","0","0","0","0","bye","0","0","0","0","0","","","","","84","42.0"
"Jeff Smith","WR","NYJ","0","10","0","7","12","0","35","13","7","bye","0","0","0","0","","","","","84","14.0"
"Reggie Gilliam","RB","BUF","0","18","20","0","0","21","bye","0","0","0","16","7","0","0","","","","","82","16.4"
"Tim Jones","WR","JAC","0","0","4","26","0","27","9","0","0","0","bye","5","11","0","","","","","82","13.7"
"Charlie Woerner","TE","SF","0","0","0","19","24","16","0","0","bye","0","0","17","0","6","","","","","82","16.4"
"Shane Zylstra","TE","DET","0","0","3","0","0","bye","0","0","16","16","0","0","23","23","","","","","81","16.2"
"Keith Kirkwood","WR","NO","0","0","0","0","30","51","0","0","0","0","0","0","0","bye","","","","","81","40.5"
"Dax Milne","WR","WAS","6","2","5","2","1","6","26","9","10","8","5","0","0","bye","","","","","80","7.3"
"Anthony Schwartz","WR","CLE","23","0","0","0","8","12","0","0","bye","12","8","11","5","0","","","","","79","11.3"
"Jake Kumerow","WR","BUF","0","53","5","0","0","0","bye","7","5","8","0","0","0","0","","","","","78","15.6"
"Tyrie Cleveland","WR","DEN","8","31","0","0","10","0","0","0","bye","27","0","0","0","0","","","","","76","19.0"
"Ross Dwelley","TE","SF","19","28","0","5","4","0","0","19","bye","0","0","0","0","0","","","","","75","15.0"
"Mike Strachan","WR","IND","11","35","0","9","0","19","0","0","0","0","0","0","0","bye","","","","","74","18.5"
"Zander Horvath","RB","LAC","15","8","3","8","10","17","0","bye","0","5","8","0","0","0","","","","","74","9.3"
"Montrell Washington","WR","DEN","0","12","14","3","4","3","3","3","bye","7","6","7","8","4","","","","","74","6.2"
"Samori Toure","WR","GB","0","0","0","0","0","0","19","14","28","0","0","0","12","bye","","","","","73","18.3"
"Dare Ogunbowale","RB","HOU","0","1","0","0","0","bye","8","3","1","4","4","18","14","18","","","","","71","7.9"
"Elijah Mitchell","RB","SF","17","0","0","0","0","0","0","0","bye","25","13","15","0","0","","","","","70","17.5"
"Demetric Felton Jr.","RB","CLE","11","12","0","0","0","0","0","0","bye","0","0","0","38","9","","","","","70","17.5"
"Keaontay Ingram","RB","ARI","0","0","0","0","0","9","20","0","1","5","18","7","bye","9","","","","","69","9.9"
"Bryan Edwards","WR","ATL","35","16","0","0","14","0","0","3","0","0","0","0","0","bye","","","","","68","17.0"
"Phillip Lindsay","RB","IND","0","0","0","0","30","27","0","0","9","0","0","0","0","bye","","","","","66","22.0"
"Raheem Blackshear","RB","CAR","0","0","0","0","0","0","5","7","17","8","11","3","bye","14","","","","","65","9.3"
"Brandon Bolden","RB","LV","16","0","25","5","10","bye","0","0","4","0","3","0","0","1","","","","","64","9.1"
"Kyle Philips","WR","TEN","31","13","0","2","18","bye","0","0","0","0","0","0","0","0","","","","","64","16.0"
"Anthony Firkser","TE","ATL","3","0","9","0","15","0","0","0","0","0","0","22","14","bye","","","","","63","12.6"
"Malcolm Brown","RB","LAR","0","0","0","0","0","16","bye","13","16","0","0","0","0","18","","","","","63","15.8"
"Tony Jones Jr.","RB","Multi","0","34","0","0","0","0","0","0","0","0","0","0","23","5","","","","","62","20.7"
"Velus Jones Jr.","WR","CHI","0","0","0","0","3","12","0","15","0","0","8","12","12","bye","","","","","62","10.3"
"Hassan Haskins","RB","TEN","0","28","4","0","2","bye","4","2","6","2","7","6","0","0","","","","","61","6.8"
"Trestan Ebner","RB","CHI","4","0","15","14","0","0","8","3","0","0","15","0","1","bye","","","","","60","8.6"
"Dennis Houston","WR","DAL","39","21","0","0","0","0","0","0","bye","0","0","0","0","0","","","","","60","30.0"
"Trevor Siemian","QB","CHI","0","0","0","0","0","0","0","3","0","0","0","57","0","bye","","","","","60","30.0"
"Jaelon Darden","WR","TB","10","8","18","6","11","0","4","0","0","0","bye","0","0","0","","","","","57","9.5"
"DeSean Jackson","WR","BAL","0","0","0","0","0","0","0","0","11","bye","0","10","25","11","","","","","57","14.3"
"Jordan Mason","RB","SF","0","0","5","0","1","0","0","0","bye","0","7","9","15","19","","","","","56","9.3"
"Stanley Morgan Jr.","WR","CIN","5","0","6","0","8","0","0","0","10","bye","8","5","6","5","","","","","53","6.6"
"Andy Isabella","WR","ARI","21","0","32","0","0","0","0","0","0","0","0","0","bye","0","","","","","53","26.5"
"KaVontae Turpin","WR","DAL","2","5","8","5","3","2","6","6","bye","2","6","2","5","1","","","","","53","4.1"
"Brycen Hopkins","TE","LAR","0","0","0","0","0","0","bye","0","14","13","0","22","0","4","","","","","53","13.3"
"Gary Brightwell","RB","NYG","0","1","0","3","7","1","0","1","bye","0","7","11","0","21","","","","","52","6.5"
"Chris Conley","WR","Multi","10","0","0","0","0","0","0","0","9","0","0","0","0","32","","","","","51","17.0"
"Isaiah Spiller","RB","LAC","0","0","0","0","0","0","4","bye","13","10","16","8","0","0","","","","","51","10.2"
"Ihmir Smith-Marsette","WR","Multi","0","0","0","6","19","25","0","0","0","0","0","0","0","0","","","","","50","16.7"
"James Mitchell","TE","DET","0","0","0","0","0","bye","0","5","13","15","0","17","0","0","","","","","50","12.5"
"Quintez Cephus","WR","DET","0","6","10","33","0","bye","0","0","0","0","0","0","0","0","","","","","49","16.3"
"Devin Asiasi","TE","CIN","0","0","0","16","0","1","0","0","23","bye","9","0","0","0","","","","","49","12.3"
"Michael Burton","RB","KC","9","7","5","0","0","3","7","bye","5","2","2","0","3","4","","","","","47","4.7"
"Jalen Reagor","WR","MIN","0","10","1","3","3","1","bye","4","2","0","12","2","2","7","","","","","47","4.3"
"Andre Baccellia","WR","ARI","0","19","26","0","0","0","0","0","0","0","0","1","bye","0","","","","","46","15.3"
"Malik Davis","RB","DAL","0","0","0","0","0","0","0","19","bye","11","13","0","3","0","","","","","46","11.5"
"Jalen Tolbert","WR","DAL","0","0","23","0","0","0","0","0","bye","8","13","0","0","0","","","","","44","14.7"
"Kevin Rader","TE","TEN","0","0","0","0","5","bye","14","0","0","13","0","0","10","2","","","","","44","8.8"
"Tylan Wallace","WR","BAL","6","9","0","0","13","13","0","0","0","bye","2","0","0","0","","","","","43","8.6"
"Tyrion Davis-Price","RB","SF","0","30","0","0","0","0","13","0","bye","0","0","0","0","0","","","","","43","21.5"
"Mason Schreck","TE","HOU","0","0","0","19","24","bye","0","0","0","0","0","0","0","0","","","","","43","21.5"
"Kevin Harris","RB","NE","0","0","0","0","0","12","0","0","0","bye","0","0","1","29","","","","","42","14.0"
"Jalen Virgil","WR","DEN","0","0","0","0","0","0","0","0","bye","24","0","4","4","9","","","","","41","10.3"
"Drew Sample","TE","CIN","29","10","0","0","0","0","0","0","0","bye","0","0","0","0","","","","","39","19.5"
"Feleipe Franks","QB","ATL","0","0","0","0","30","0","1","5","0","0","0","0","3","bye","","","","","39","9.8"
"Myles Gaskin","RB","MIA","0","0","0","0","13","0","0","0","0","0","bye","26","0","0","","","","","39","19.5"
"Jesper Horsted","TE","LV","0","0","0","0","37","bye","0","2","0","0","0","0","0","0","","","","","39","19.5"
"Stone Smartt","TE","LAC","0","0","0","0","0","0","0","bye","0","0","19","0","16","4","","","","","39","13.0"
"Benny Snell Jr.","RB","PIT","0","0","0","0","0","0","0","0","bye","0","0","28","9","2","","","","","39","13.0"
"Jeff Driskel","QB","HOU","2","3","0","0","0","bye","0","0","0","0","0","0","0","33","","","","","38","12.7"
"Hunter Long","TE","MIA","0","0","0","0","0","21","0","17","0","0","bye","0","0","0","","","","","38","19.0"
"Donald Parham Jr.","TE","LAC","0","0","0","0","18","19","0","bye","0","0","0","0","0","0","","","","","37","18.5"
"Stephen Sullivan","TE","CAR","0","4","0","1","0","4","0","9","0","0","0","0","bye","18","","","","","36","7.2"
"Miles Boykin","WR","PIT","8","0","0","0","5","4","0","8","bye","0","0","0","0","10","","","","","35","7.0"
"Juwann Winfree","WR","GB","9","0","13","0","0","13","0","0","0","0","0","0","0","bye","","","","","35","11.7"
"Danny Gray","WR","SF","0","7","0","0","7","0","8","0","bye","0","0","0","0","13","","","","","35","8.8"
"Michael Woods II","WR","CLE","0","0","0","0","0","10","0","12","bye","13","0","0","0","0","","","","","35","11.7"
"Trayveon Williams","RB","CIN","0","0","0","0","0","0","0","0","0","bye","8","14","11","2","","","","","35","8.8"
"Mike Davis","RB","BAL","7","18","0","0","5","0","0","0","3","bye","1","0","0","0","","","","","34","6.8"
"Derek Watt","RB","PIT","0","1","0","0","2","3","7","3","bye","6","0","5","7","0","","","","","34","4.3"
"Marlon Mack","RB","Multi","0","0","0","0","0","0","0","0","0","0","0","6","5","23","","","","","34","11.3"
"Kyle Rudolph","TE","TB","0","0","9","0","9","0","8","6","0","0","bye","0","0","0","","","","","32","8.0"
"Khari Blasingame","RB","CHI","0","0","15","0","0","6","0","0","0","0","0","10","0","bye","","","","","31","10.3"
"Tevin Coleman","RB","SF","0","0","0","0","19","12","0","0","bye","0","0","0","0","0","","","","","31","15.5"
"Spencer Brown","RB","CAR","0","0","0","0","0","0","0","18","13","0","0","0","bye","0","","","","","31","15.5"
"Darrynton Evans","RB","CHI","0","0","0","0","0","0","0","0","0","0","0","18","13","bye","","","","","31","15.5"
"Richard Rodgers","TE","LAC","2","0","0","0","0","0","0","bye","15","13","0","0","0","0","","","","","30","10.0"
"Ben Ellefson","TE","MIN","17","0","13","0","0","0","bye","0","0","0","0","0","0","0","","","","","30","15.0"
"Zamir White","RB","LV","0","6","0","3","3","bye","5","0","1","2","0","3","4","3","","","","","30","3.3"
"D'Ernest Johnson","RB","CLE","0","0","0","1","0","9","0","8","bye","12","0","0","0","0","","","","","30","7.5"
"Tommy Sweeney","TE","BUF","0","0","0","0","0","8","bye","0","0","0","0","0","22","0","","","","","30","15.0"
"Luke Farrell","TE","JAC","0","0","0","0","0","7","0","0","15","0","bye","0","6","0","","","","","28","9.3"
"Sean McKeon","TE","DAL","0","0","0","0","0","9","0","0","bye","9","0","0","10","0","","","","","28","9.3"
"Pierre Strong Jr.","RB","NE","0","3","0","0","0","4","0","0","0","bye","0","0","0","19","","","","","26","8.7"
"Dwayne Washington","RB","NO","0","4","0","0","2","0","1","13","5","0","0","1","0","bye","","","","","26","4.3"
"Tyron Johnson","WR","Multi","0","0","0","1","0","0","0","0","25","0","0","0","0","0","","","","","26","13.0"
"Lance McCutcheon","WR","LAR","0","0","0","0","0","0","bye","0","0","0","0","26","0","0","","","","","26","26.0"
"Simi Fehoko","WR","DAL","16","6","3","0","0","0","0","0","bye","0","0","0","0","0","","","","","25","8.3"
"Gardner Minshew II","QB","PHI","0","0","0","0","0","0","bye","11","0","0","0","0","9","5","","","","","25","8.3"
"Deonte Harty","WR","NO","7","11","0","2","4","0","0","0","0","0","0","0","0","bye","","","","","24","6.0"
"Dezmon Patmon","WR","IND","0","24","0","0","0","0","0","0","0","0","0","0","0","bye","","","","","24","24.0"
"Case Keenum","QB","BUF","0","16","0","0","8","0","bye","0","0","0","0","0","0","0","","","","","24","12.0"
"Tyrod Taylor","QB","NYG","0","0","0","12","0","0","0","0","bye","0","0","0","0","12","","","","","24","12.0"
"Ronnie Rivers","RB","LAR","0","0","0","0","0","3","bye","21","0","0","0","0","0","0","","","","","24","12.0"
"Trace McSorley","QB","ARI","8","0","0","0","0","0","0","0","0","0","15","0","bye","0","","","","","23","11.5"
"Anthony Brown","QB","BAL","0","0","0","0","0","0","0","0","0","bye","0","0","0","23","","","","","23","23.0"
"Jordan Wilkins","RB","IND","0","0","0","0","0","0","0","0","19","3","0","0","0","bye","","","","","22","11.0"
"Austin Trammell","WR","LAR","0","0","0","0","0","0","bye","0","0","0","0","0","10","12","","","","","22","11.0"
"Racey McMath","WR","TEN","0","0","0","0","0","bye","0","0","0","0","0","0","0","22","","","","","22","22.0"
"Ty Montgomery","RB","NE","21","0","0","0","0","0","0","0","0","bye","0","0","0","0","","","","","21","21.0"
"Jalen Guyton","WR","LAC","5","0","16","0","0","0","0","bye","0","0","0","0","0","0","","","","","21","10.5"
"Adam Prentice","RB","NO","0","10","0","0","0","0","0","0","0","0","0","8","3","bye","","","","","21","7.0"
"Anthony McFarland Jr.","RB","PIT","0","0","0","0","0","0","0","0","bye","0","0","21","0","0","","","","","21","21.0"
"Jameson Williams","WR","DET","0","0","0","0","0","bye","0","0","0","0","0","0","8","13","","","","","21","10.5"
"Jordan Love","QB","GB","5","0","0","0","0","4","0","0","0","0","0","10","0","bye","","","","","19","6.3"
"Britain Covey","WR","PHI","0","0","0","0","0","0","bye","4","1","0","0","0","9","5","","","","","19","4.8"
"Dareke Young","WR","SEA","0","0","0","0","0","0","0","4","14","0","bye","0","1","0","","","","","19","6.3"
"Jeremy Ruckert","TE","NYJ","0","18","0","0","0","0","0","0","0","bye","0","0","0","0","","","","","18","18.0"
"Josh Gordon","WR","TEN","0","18","0","0","0","bye","0","0","0","0","0","0","0","0","","","","","18","18.0"
"Jason Moore Jr.","WR","LAC","0","0","0","0","0","0","18","bye","0","0","0","0","0","0","","","","","18","18.0"
"Laquon Treadwell","WR","SEA","0","0","0","0","0","0","0","0","0","0","bye","0","18","0","","","","","18","18.0"
"Chris Evans","RB","CIN","0","0","2","3","0","3","0","2","1","bye","0","4","2","0","","","","","17","2.4"
"J.J. Taylor","RB","NE","0","0","0","0","0","0","0","0","17","bye","0","0","0","0","","","","","17","17.0"
"Ke'Shawn Vaughn","RB","TB","0","0","0","0","0","0","0","0","3","5","bye","9","0","0","","","","","17","5.7"
"Jonathan Williams","RB","WAS","1","0","2","6","0","0","0","0","0","0","0","5","2","bye","","","","","16","3.2"
"DJ Turner","WR","LV","0","0","0","0","0","bye","5","5","0","2","0","0","0","4","","","","","16","4.0"
"Brandon Allen","QB","CIN","0","0","0","0","0","0","0","0","16","bye","0","0","0","0","","","","","16","16.0"
"C.J. Board","WR","TEN","0","0","0","0","0","bye","0","0","0","0","0","0","16","0","","","","","16","16.0"
"Brian Hoyer","QB","NE","0","0","0","15","0","0","0","0","0","bye","0","0","0","0","","","","","15","15.0"
"Tanner Conner","WR","MIA","0","0","0","0","7","8","0","0","0","0","bye","0","0","0","","","","","15","7.5"
"Salvon Ahmed","RB","MIA","0","0","0","0","0","0","0","3","0","7","bye","0","0","5","","","","","15","5.0"
"Jalen Camp","WR","HOU","0","0","0","0","0","bye","0","0","15","0","0","0","0","0","","","","","15","15.0"
"Jarrett Stidham","QB","LV","0","0","0","0","0","bye","0","14","0","0","0","0","0","0","","","","","14","14.0"
"Braylon Sanders","WR","MIA","0","0","0","0","0","0","0","14","0","0","bye","0","0","0","","","","","14","14.0"
"Snoop Conner","RB","JAC","0","0","0","0","0","0","0","0","0","0","bye","10","4","0","","","","","14","7.0"
"Julius Chestnut","RB","TEN","0","0","0","0","0","bye","0","0","0","0","0","0","7","7","","","","","14","7.0"
"Cole Beasley","WR","TB","0","0","9","4","0","0","0","0","0","0","bye","0","0","0","","","","","13","6.5"
"Kendall Blanton","TE","LAR","0","0","5","8","0","0","bye","0","0","0","0","0","0","0","","","","","13","6.5"
"Jalen Nailor","WR","MIN","0","0","0","1","0","0","bye","0","0","0","12","0","0","0","","","","","13","6.5"
"Mason Kinsey","WR","TEN","0","0","0","0","0","bye","13","0","0","0","0","0","0","0","","","","","13","13.0"
"Nick Mullens","QB","MIN","0","0","0","0","0","0","bye","0","1","0","12","0","0","0","","","","","13","6.5"
"Trinity Benson","WR","DET","0","0","0","0","0","bye","0","0","0","13","0","0","0","0","","","","","13","13.0"
"Maxx Williams","TE","ARI","0","0","0","0","0","0","0","0","0","0","13","0","bye","0","","","","","13","13.0"
"Noah Togiai","TE","PHI","11","0","0","0","0","0","bye","0","0","0","0","0","0","0","","","","","11","11.0"
"Chad Henne","QB","KC","5","0","0","0","0","0","6","bye","0","0","0","0","0","0","","","","","11","5.5"
"J.P. Holtz","TE","NO","0","0","0","11","0","0","0","0","0","0","0","0","0","bye","","","","","11","11.0"
"Tanner Gentry","WR","BUF","0","0","0","0","11","0","bye","0","0","0","0","0","0","0","","","","","11","11.0"
"Ronald Jones II","RB","KC","0","0","0","0","0","0","0","bye","0","0","0","11","0","0","","","","","11","11.0"
"James Washington","WR","DAL","0","0","0","0","0","0","0","0","bye","0","0","0","0","11","","","","","11","11.0"
"Josh Johnson","QB","SF","0","0","0","0","0","0","0","0","bye","0","0","0","0","11","","","","","11","11.0"
"Damien Williams","RB","ATL","10","0","0","0","0","0","0","0","0","0","0","0","0","bye","","","","","10","10.0"
"David Johnson","RB","NO","0","0","0","0","0","0","0","0","0","0","10","0","0","bye","","","","","10","10.0"
"Nick Boyle","TE","BAL","0","0","0","0","0","0","0","0","0","bye","0","10","0","0","","","","","10","10.0"
"Cody White","WR","PIT","0","0","0","0","0","0","0","0","bye","0","0","10","0","0","","","","","10","10.0"
"Tyree Jackson","TE","PHI","0","0","0","0","0","0","bye","0","0","0","9","0","0","0","","","","","9","9.0"
"Jacob Eason","QB","CAR","0","0","0","0","0","7","0","0","0","0","0","0","bye","0","","","","","7","7.0"
"Kene Nwangwu","RB","MIN","0","0","0","0","0","0","bye","0","0","0","7","0","0","0","","","","","7","7.0"
"Jerome Ford","RB","CLE","0","0","0","0","0","0","0","0","bye","0","0","0","7","0","","","","","7","7.0"
"Jake Tonges","TE","CHI","0","0","6","0","0","0","0","0","0","0","0","0","0","bye","","","","","6","6.0"
"Penny Hart","WR","SEA","0","0","6","0","0","0","0","0","0","0","bye","0","0","0","","","","","6","6.0"
"Devine Ozigbo","RB","DEN","0","0","0","0","2","0","0","0","bye","0","0","4","0","0","","","","","6","3.0"
"Marcus Kemp","WR","KC","0","0","0","0","0","0","6","bye","0","0","0","0","0","0","","","","","6","6.0"
"Patrick Taylor Jr.","RB","GB","0","0","0","0","0","0","0","0","0","0","0","0","6","bye","","","","","6","6.0"
"C.J. Beathard","QB","JAC","0","0","1","0","0","0","0","0","0","0","bye","0","4","0","","","","","5","2.5"
"Trey Sermon","RB","PHI","0","0","0","5","0","0","bye","0","0","0","0","0","0","0","","","","","5","5.0"
"Duke Johnson Jr.","RB","BUF","0","0","0","0","0","0","bye","0","0","5","0","0","0","0","","","","","5","5.0"
"Miller Forristall","TE","CLE","0","0","4","0","0","0","0","0","bye","0","0","0","0","0","","","","","4","4.0"
"Maurice Alexander","WR","DET","0","0","0","2","1","bye","0","1","0","0","0","0","0","0","","","","","4","1.3"
"Binjimen Victor","WR","BAL","0","0","0","0","0","0","0","0","4","bye","0","0","0","0","","","","","4","4.0"
"Corey Clement","RB","ARI","0","0","0","0","0","0","0","0","0","0","0","1","bye","3","","","","","4","2.0"
"Jordan Howard","RB","NO","0","0","0","0","0","0","0","0","0","3","0","0","0","bye","","","","","3","3.0"
"Chase Daniel","QB","LAC","0","0","0","0","0","0","0","bye","0","3","0","0","0","0","","","","","3","3.0"
"John Brown","WR","BUF","0","0","0","0","0","0","bye","0","0","0","0","0","0","3","","","","","3","3.0"
"Kenny Yeboah","TE","NYJ","0","2","0","0","0","0","0","0","0","bye","0","0","0","0","","","","","2","2.0"
"Keke Coutee","WR","IND","0","0","0","0","0","0","0","0","1","1","0","0","0","bye","","","","","2","1.0"
"Stanley Berryhill III","WR","DET","0","0","0","0","0","bye","0","0","0","2","0","0","0","0","","","","","2","2.0"
"Nate Sudfeld","QB","DET","0","0","0","0","0","bye","0","0","0","0","0","0","2","0","","","","","2","2.0"
"Matthew Slater","WR","NE","0","0","0","0","0","0","0","0","0","bye","0","0","0","2","","","","","2","2.0"
"Rico Dowdle","RB","DAL","0","1","0","0","0","0","0","0","bye","0","0","0","0","0","","","","","1","1.0"
"Kylin Hill","RB","GB","0","0","0","0","0","0","0","0","1","0","0","0","0","bye","","","","","1","1.0"
""
""