"Rank","Player","Team","Position","Points","Games","Avg"
"1","Jalen Hurts","PHI","QB","337.9","13","26.0"
"2","Patrick Mahomes II","KC","QB","331.4","13","25.5"
"3","Josh Allen","BUF","QB","326.0","13","25.1"
"4","Joe Burrow","CIN","QB","299.8","13","23.1"
"5","Justin Jefferson","MIN","WR","296.7","13","22.8"
"6","Austin Ekeler","LAC","RB","292.7","13","22.5"
"7","Tyreek Hill","MIA","WR","285.0","13","21.9"
"8","Josh Jacobs","LV","RB","282.8","13","21.8"
"9","Davante Adams","LV","WR","278.6","13","21.4"
"10","Stefon Diggs","BUF","WR","277.9","13","21.4"
"11","Christian McCaffrey","Multi","RB","268.6","13","20.7"
"12","Travis Kelce","KC","TE","257.4","13","19.8"
"13","Justin Fields","CHI","QB","256.3","12","21.4"
"14","Geno Smith","SEA","QB","253.7","13","19.5"
"15","Derrick Henry","TEN","RB","244.1","13","18.8"
"16","Lamar Jackson","BAL","QB","243.1","12","20.3"
"17","Trevor Lawrence","JAC","QB","241.9","13","18.6"
"18","Justin Herbert","LAC","QB","238.6","13","18.4"
"19","Saquon Barkley","NYG","RB","226.4","13","17.4"
"20","Daniel Jones","NYG","QB","226.0","13","17.4"
"21","Nick Chubb","CLE","RB","224.5","13","17.3"
"22","Kirk Cousins","MIN","QB","223.1","13","17.2"
"23","A.J. Brown","PHI","WR","223.0","13","17.2"
"24","Jared Goff","DET","QB","219.6","13","16.9"
"25","Tony Pollard","DAL","RB","218.3","13","16.8"
"26","Amon-Ra St. Brown","DET","WR","216.7","12","18.1"
"27","CeeDee Lamb","DAL","WR","210.7","13","16.2"
"28","Kyler Murray","ARI","QB","207.6","11","18.9"
"29","Tua Tagovailoa","MIA","QB","207.5","11","18.9"
"30","Marcus Mariota","ATL","QB","205.7","13","15.8"
"31","Tyler Lockett","SEA","WR","204.6","13","15.7"
"32","Tom Brady","TB","QB","203.5","13","15.7"
"33","Derek Carr","LV","QB","203.4","13","15.7"
"34","Aaron Jones","GB","RB","201.5","13","15.5"
"35","Cooper Kupp","LAR","WR","201.4","9","22.4"
"36","Rhamondre Stevenson","NE","RB","200.7","13","15.4"
"37","Miles Sanders","PHI","RB","199.3","13","15.3"
"38","Aaron Rodgers","GB","QB","196.3","13","15.1"
"39","Christian Kirk","JAC","WR","195.1","13","15.0"
"40","Jaylen Waddle","MIA","WR","195.0","13","15.0"
"41","Joe Mixon","CIN","RB","193.5","11","17.6"
"42","Amari Cooper","CLE","WR","191.4","13","14.7"
"43","Dalvin Cook","MIN","RB","191.0","13","14.7"
"44","DK Metcalf","SEA","WR","190.9","13","14.7"
"45","Ja'Marr Chase","CIN","WR","186.9","9","20.8"
"46","Leonard Fournette","TB","RB","180.4","12","15.0"
"47","Jamaal Williams","DET","RB","177.3","13","13.6"
"48","Russell Wilson","DEN","QB","177.0","12","14.8"
"49","Terry McLaurin","WAS","WR","176.2","13","13.6"
"50","Tee Higgins","CIN","WR","176.1","11","16.0"
"51","Garrett Wilson","NYJ","WR","174.2","13","13.4"
"52","Jacoby Brissett","CLE","QB","174.2","12","14.5"
"52","Brandon Aiyuk","SF","WR","174.2","13","13.4"
"54","DeVonta Smith","PHI","WR","171.5","13","13.2"
"55","Jimmy Garoppolo","SF","QB","168.7","11","15.3"
"56","Chris Olave","NO","WR","166.7","12","13.9"
"57","Dameon Pierce","HOU","RB","166.4","13","12.8"
"58","Deebo Samuel","SF","WR","164.0","12","13.7"
"59","Michael Pittman Jr.","IND","WR","161.5","12","13.5"
"60","Alvin Kamara","NO","RB","159.3","11","14.5"
"61","Najee Harris","PIT","RB","159.1","13","12.2"
"62","Mark Andrews","BAL","TE","157.9","12","13.2"
"63","Mike Evans","TB","WR","157.5","12","13.1"
"64","Matt Ryan","IND","QB","157.0","11","14.3"
"65","Antonio Gibson","WAS","RB","156.1","13","12.0"
"66","Chris Godwin","TB","WR","155.7","11","14.2"
"67","T.J. Hockenson","Multi","TE","155.7","13","12.0"
"68","Ryan Tannehill","TEN","QB","155.5","11","14.1"
"69","Adam Thielen","MIN","WR","153.5","13","11.8"
"70","JuJu Smith-Schuster","KC","WR","153.2","12","12.8"
"71","Curtis Samuel","WAS","WR","150.4","13","11.6"
"72","Travis Etienne Jr.","JAC","RB","149.8","13","11.5"
"73","Zay Jones","JAC","WR","149.6","12","12.5"
"74","Kenneth Walker III","SEA","RB","149.5","11","13.6"
"75","Andy Dalton","NO","QB","148.6","10","14.9"
"76","Ezekiel Elliott","DAL","RB","146.9","11","13.4"
"77","Joshua Palmer","LAC","WR","145.9","12","12.2"
"78","Devin Singletary","BUF","RB","145.2","13","11.2"
"79","New England Patriots","NE","DST","145.0","13","11.2"
"80","Jonathan Taylor","IND","RB","144.1","10","14.4"
"81","Gabe Davis","BUF","WR","143.6","12","12.0"
"82","James Conner","ARI","RB","143.1","10","14.3"
"83","Dallas Cowboys","DAL","DST","141.0","13","10.9"
"84","Donovan Peoples-Jones","CLE","WR","138.3","13","10.6"
"85","Tyler Boyd","CIN","WR","137.4","13","10.6"
"86","DeAndre Hopkins","ARI","WR","137.3","7","19.6"
"87","Allen Lazard","GB","WR","137.0","11","12.5"
"88","Jerry Jeudy","DEN","WR","136.8","11","12.4"
"89","Dak Prescott","DAL","QB","136.3","8","17.0"
"90","Diontae Johnson","PIT","WR","136.0","13","10.5"
"91","David Montgomery","CHI","RB","135.5","12","11.3"
"92","DJ Moore","CAR","WR","135.0","13","10.4"
"93","Evan Engram","JAC","TE","133.8","13","10.3"
"94","Davis Mills","HOU","QB","132.9","11","12.1"
"95","D'Andre Swift","DET","RB","131.8","10","13.2"
"96","Mike Williams","LAC","WR","130.6","9","14.5"
"97","Samaje Perine","CIN","RB","130.3","13","10.0"
"98","San Francisco 49ers","SF","DST","129.0","13","9.9"
"98","Justin Tucker","BAL","K","129.0","13","9.9"
"98","Tyler Bass","BUF","K","129.0","13","9.9"
"98","Daniel Carlson","LV","K","129.0","13","9.9"
"102","Pat Freiermuth","PIT","TE","128.0","12","10.7"
"102","Mack Hollins","LV","WR","128.0","13","9.9"
"104","Jeff Wilson Jr.","Multi","RB","127.5","13","9.8"
"104","Marquise Brown","ARI","WR","127.5","8","15.9"
"106","Courtland Sutton","DEN","WR","127.3","12","10.6"
"107","Jakobi Meyers","NE","WR","126.2","10","12.6"
"108","Christian Watson","GB","WR","125.9","10","12.6"
"109","Drake London","ATL","WR","124.3","13","9.6"
"110","Nick Folk","NE","K","122.0","13","9.4"
"110","Jason Myers","SEA","K","122.0","13","9.4"
"112","George Pickens","PIT","WR","121.4","13","9.3"
"113","Brett Maher","DAL","K","121.0","13","9.3"
"114","Parris Campbell","IND","WR","120.8","13","9.3"
"115","Mac Jones","NE","QB","120.6","10","12.1"
"116","Kenny Pickett","PIT","QB","120.5","10","12.1"
"117","AJ Dillon","GB","RB","119.3","13","9.2"
"118","Philadelphia Eagles","PHI","DST","119.0","13","9.2"
"119","Jerick McKinnon","KC","RB","118.1","13","9.1"
"120","Buffalo Bills","BUF","DST","118.0","13","9.1"
"121","Greg Zuerlein","NYJ","K","117.0","13","9.0"
"122","Matthew Stafford","LAR","QB","116.5","9","12.9"
"123","Younghoe Koo","ATL","K","116.0","13","8.9"
"124","Raheem Mostert","MIA","RB","115.6","12","9.6"
"124","Zach Ertz","ARI","TE","115.6","10","11.6"
"126","David Njoku","CLE","TE","115.5","10","11.6"
"127","Breece Hall","NYJ","RB","115.1","7","16.4"
"128","George Kittle","SF","TE","114.0","11","10.4"
"129","Dallas Goedert","PHI","TE","113.4","9","12.6"
"130","Baltimore Ravens","BAL","DST","112.0","13","8.6"
"131","Devin Duvernay","BAL","WR","111.2","13","8.6"
"131","Kareem Hunt","CLE","RB","111.2","13","8.6"
"133","Gerald Everett","LAC","TE","111.0","12","9.3"
"134","Isaiah McKenzie","BUF","WR","110.9","12","9.2"
"135","Evan McPherson","CIN","K","109.0","13","8.4"
"136","Cordarrelle Patterson","ATL","RB","108.1","9","12.0"
"137","Ka'imi Fairbairn","HOU","K","108.0","13","8.3"
"137","Eddy Pineiro","CAR","K","108.0","13","8.3"
"139","Darius Slayton","NYG","WR","107.8","10","10.8"
"140","Rachaad White","TB","RB","107.2","13","8.3"
"141","Graham Gano","NYG","K","107.0","13","8.2"
"142","Michael Carter","NYJ","RB","106.9","12","8.9"
"143","Taysom Hill","NO","TE","106.9","12","8.9"
"144","Cole Kmet","CHI","TE","106.7","13","8.2"
"145","Khalil Herbert","CHI","RB","106.5","10","10.7"
"146","Tyler Conklin","NYJ","TE","104.9","13","8.1"
"147","Brandon McManus","DEN","K","104.0","13","8.0"
"147","Robbie Gould","SF","K","104.0","13","8.0"
"147","New York Jets","NYJ","DST","104.0","13","8.0"
"150","Carson Wentz","WAS","QB","103.5","6","17.3"
"151","Ryan Succop","TB","K","103.0","13","7.9"
"152","Brandin Cooks","HOU","WR","102.7","10","10.3"
"153","DeAndre Carter","LAC","WR","102.1","13","7.9"
"154","Darnell Mooney","CHI","WR","101.5","11","9.2"
"155","Cade York","CLE","K","101.0","13","7.8"
"156","Marquez Valdes-Scantling","KC","WR","100.3","13","7.7"
"157","Chase Claypool","Multi","WR","100.1","13","7.7"
"158","Hayden Hurst","CIN","TE","100.0","12","8.3"
"159","Dalton Schultz","DAL","TE","100.0","11","9.1"
"159","Chase McLaughlin","IND","K","100.0","12","8.3"
"159","Jason Sanders","MIA","K","100.0","13","7.7"
"162","Clyde Edwards-Helaire","KC","RB","98.3","10","9.8"
"163","Tyler Higbee","LAR","TE","97.5","12","8.1"
"164","Taylor Heinicke","WAS","QB","97.4","7","13.9"
"165","D'Onta Foreman","CAR","RB","97.3","12","8.1"
"166","Nico Collins","HOU","WR","97.1","10","9.7"
"167","Riley Patterson","JAC","K","97.0","13","7.5"
"168","Latavius Murray","Multi","RB","96.0","10","9.6"
"169","Juwan Johnson","NO","TE","95.9","12","8.0"
"170","Alec Pierce","IND","WR","95.0","12","7.9"
"170","Wil Lutz","NO","K","95.0","13","7.3"
"172","Josh Reynolds","DET","WR","94.7","9","10.5"
"173","Greg Joseph","MIN","K","94.0","13","7.2"
"174","Baker Mayfield","Multi","QB","93.9","8","11.7"
"175","Mecole Hardman","KC","WR","93.8","8","11.7"
"176","Chris Moore","HOU","WR","93.3","11","8.5"
"177","Carolina Panthers","CAR","DST","92.0","13","7.1"
"177","Washington Commanders","WAS","DST","92.0","13","7.1"
"179","Dawson Knox","BUF","TE","91.8","12","7.7"
"180","Tyler Allgeier","ATL","RB","91.1","12","7.6"
"181","Isiah Pacheco","KC","RB","91.0","13","7.0"
"181","Joey Slye","WAS","K","91.0","13","7.0"
"181","Matt Gay","LAR","K","91.0","13","7.0"
"184","Olamide Zaccheaus","ATL","WR","90.5","13","7.0"
"185","Cairo Santos","CHI","K","90.0","12","7.5"
"185","Seattle Seahawks","SEA","DST","90.0","13","6.9"
"187","James Robinson","Multi","RB","88.6","11","8.1"
"188","Kenyan Drake","BAL","RB","88.2","11","8.0"
"188","Robert Tonyan","GB","TE","88.2","13","6.8"
"190","Kansas City Chiefs","KC","DST","88.0","13","6.8"
"191","Rondale Moore","ARI","WR","87.9","8","11.0"
"192","Noah Fant","SEA","TE","87.2","13","6.7"
"193","Marquise Goodwin","SEA","WR","87.2","11","7.9"
"194","Melvin Gordon III","DEN","RB","87.1","10","8.7"
"195","Miami Dolphins","MIA","DST","87.0","13","6.7"
"196","Richie James Jr.","NYG","WR","86.7","12","7.2"
"197","Brian Robinson Jr.","WAS","RB","86.5","9","9.6"
"198","Noah Brown","DAL","WR","86.4","12","7.2"
"199","Eno Benjamin","Multi","RB","86.4","11","7.9"
"200","Denver Broncos","DEN","DST","86.0","13","6.6"
"201","Marvin Jones Jr.","JAC","WR","85.7","12","7.1"
"202","Michael Badgley","Multi","K","85.0","9","9.4"
"203","Allen Robinson II","LAR","WR","84.9","10","8.5"
"204","Corey Davis","NYJ","WR","84.0","10","8.4"
"204","Minnesota Vikings","MIN","DST","84.0","13","6.5"
"204","Keenan Allen","LAC","WR","84.0","6","14.0"
"207","K.J. Osborn","MIN","WR","83.6","13","6.4"
"208","Ben Skowronek","LAR","WR","83.0","13","6.4"
"208","Demarcus Robinson","BAL","WR","83.0","12","6.9"
"208","Arizona Cardinals","ARI","DST","83.0","13","6.4"
"211","Zach Wilson","NYJ","QB","82.8","7","11.8"
"212","Robert Woods","TEN","WR","82.6","13","6.4"
"213","Tampa Bay Buccaneers","TB","DST","82.0","13","6.3"
"214","Will Dissly","SEA","TE","81.7","13","6.3"
"215","Cade Otton","TB","TE","81.7","12","6.8"
"215","Michael Gallup","DAL","WR","81.7","10","8.2"
"217","Jacksonville Jaguars","JAC","DST","81.0","13","6.2"
"218","Hunter Henry","NE","TE","80.6","13","6.2"
"219","Harrison Butker","KC","K","80.0","9","8.9"
"219","Jake Elliott","PHI","K","80.0","12","6.7"
"221","Romeo Doubs","GB","WR","79.5","9","8.8"
"222","Austin Hooper","TEN","TE","78.7","13","6.1"
"223","Tennessee Titans","TEN","DST","78.0","13","6.0"
"224","Dontrell Hilliard","TEN","RB","77.2","12","6.4"
"225","DeVante Parker","NE","WR","77.0","12","6.4"
"225","Nick Westbrook-Ikhine","TEN","WR","77.0","12","6.4"
"227","Damien Harris","NE","RB","76.8","9","8.5"
"227","Greg Dortch","ARI","WR","76.8","12","6.4"
"229","Kyle Pitts","ATL","TE","75.6","10","7.6"
"230","Mike Gesicki","MIA","TE","74.9","13","5.8"
"231","Kalif Raymond","DET","WR","74.5","13","5.7"
"232","Trent Sherfield","MIA","WR","74.2","13","5.7"
"233","Mason Crosby","GB","K","74.0","13","5.7"
"233","Atlanta Falcons","ATL","DST","74.0","13","5.7"
"233","Houston Texans","HOU","DST","74.0","13","5.7"
"236","Nelson Agholor","NE","WR","73.9","11","6.7"
"237","Jahan Dotson","WAS","WR","73.6","8","9.2"
"238","Darrell Henderson Jr.","LAR","RB","73.5","10","7.4"
"239","Quez Watkins","PHI","WR","73.2","13","5.6"
"240","Cleveland Browns","CLE","DST","73.0","13","5.6"
"241","Greg Dulcich","DEN","TE","70.1","8","8.8"
"242","Cincinnati Bengals","CIN","DST","70.0","13","5.4"
"242","Pittsburgh Steelers","PIT","DST","70.0","13","5.4"
"242","Matthew Wright","Multi","K","70.0","6","11.7"
"242","Indianapolis Colts","IND","DST","70.0","13","5.4"
"242","Green Bay Packers","GB","DST","70.0","13","5.4"
"247","Russell Gage","TB","WR","69.4","9","7.7"
"248","Elijah Moore","NYJ","WR","69.3","12","5.8"
"249","Los Angeles Rams","LAR","DST","69.0","13","5.3"
"249","New Orleans Saints","NO","DST","69.0","13","5.3"
"251","James Cook","BUF","RB","68.9","13","5.3"
"252","DJ Chark Jr.","DET","WR","68.6","7","9.8"
"253","Treylon Burks","TEN","WR","68.1","8","8.5"
"254","Jordan Akins","HOU","TE","67.6","11","6.2"
"255","Detroit Lions","DET","DST","67.0","13","5.2"
"255","New York Giants","NYG","DST","67.0","13","5.2"
"257","Randall Cobb","GB","WR","66.9","9","7.4"
"258","Foster Moreau","LV","TE","66.8","10","6.7"
"259","Chigoziem Okonkwo","TEN","TE","66.6","12","5.6"
"260","Kenneth Gainwell","PHI","RB","65.8","13","5.1"
"261","Julio Jones","TB","WR","65.6","8","8.2"
"262","Los Angeles Chargers","LAC","DST","65.0","13","5.0"
"263","Mitch Trubisky","PIT","QB","64.9","6","10.8"
"264","Jauan Jennings","SF","WR","63.8","12","5.3"
"265","Cam Akers","LAR","RB","63.5","11","5.8"
"266","Cameron Dicker","Multi","K","63.0","7","9.0"
"266","Randy Bullock","TEN","K","63.0","12","5.3"
"268","Alexander Mattison","MIN","RB","62.1","13","4.8"
"269","Daniel Bellinger","NYG","TE","61.7","8","7.7"
"270","Las Vegas Raiders","LV","DST","61.0","13","4.7"
"271","Jarvis Landry","NO","WR","60.2","8","7.5"
"272","Rex Burkhead","HOU","RB","59.9","11","5.5"
"273","Cooper Rush","DAL","QB","59.6","7","8.5"
"274","Terrace Marshall Jr.","CAR","WR","59.6","9","6.6"
"275","Jamal Agnew","JAC","WR","59.5","11","5.4"
"276","Nyheim Hines","Multi","RB","59.3","13","4.6"
"277","Chris Boswell","PIT","K","59.0","8","7.4"
"278","Laviska Shenault Jr.","CAR","WR","58.5","9","6.5"
"279","Isaiah Likely","BAL","TE","57.6","10","5.8"
"280","Noah Gray","KC","TE","57.5","13","4.4"
"281","Jaylen Warren","PIT","RB","57.3","12","4.8"
"282","Kendall Hinton","DEN","WR","56.4","10","5.6"
"282","Equanimeous St. Brown","CHI","WR","56.4","13","4.3"
"284","J.D. McKissic","WAS","RB","55.8","8","7.0"
"285","Kylen Granson","IND","TE","55.8","12","4.7"
"286","Jelani Woods","IND","TE","55.5","8","6.9"
"287","Isaiah Hodgins","Multi","WR","55.4","6","9.2"
"288","Mike White","NYJ","QB","55.0","3","18.3"
"288","Matt Prater","ARI","K","55.0","9","6.1"
"290","Rashod Bateman","BAL","WR","53.5","6","8.9"
"291","Rashid Shaheed","NO","WR","52.9","8","6.6"
"292","J.K. Dobbins","BAL","RB","52.2","5","10.4"
"293","Rashaad Penny","SEA","RB","52.2","5","10.4"
"294","Chase Edmonds","Multi","RB","52.1","10","5.2"
"295","Kendrick Bourne","NE","WR","52.1","12","4.3"
"296","Deon Jackson","IND","RB","52.0","8","6.5"
"297","Braxton Berrios","NYJ","WR","51.9","13","4.0"
"298","Wan'Dale Robinson","NYG","WR","51.6","6","8.6"
"299","Tre'Quan Smith","NO","WR","51.2","9","5.7"
"300","Harrison Bryant","CLE","TE","51.1","11","4.7"
"300","Michael Thomas","NO","WR","51.1","3","17.0"
"302","Logan Thomas","WAS","TE","51.0","9","5.7"
"303","Chicago Bears","CHI","DST","51.0","13","3.9"
"304","Irv Smith Jr.","MIN","TE","50.8","7","7.3"
"305","Mark Ingram II","NO","RB","50.1","10","5.0"
"306","Dante Pettis","CHI","WR","49.9","13","3.8"
"306","Robbie Anderson","Multi","WR","49.9","10","5.0"
"308","Chuba Hubbard","CAR","RB","49.1","10","4.9"
"309","Van Jefferson","LAR","WR","49.0","6","8.2"
"310","Jameis Winston","NO","QB","48.9","3","16.3"
"311","Kyle Juszczyk","SF","RB","48.8","11","4.4"
"312","Justin Watson","KC","WR","47.1","13","3.6"
"313","JaMycal Hasty","JAC","RB","46.8","10","4.7"
"314","Damiere Byrd","ATL","WR","46.1","8","5.8"
"315","Zonovan Knight","NYJ","RB","45.8","3","15.3"
"316","Joe Flacco","NYJ","QB","45.7","4","11.4"
"317","Mo Alie-Cox","IND","TE","45.3","10","4.5"
"318","Justin Jackson","DET","RB","44.8","12","3.7"
"319","Caleb Huntley","ATL","RB","44.7","11","4.1"
"320","Tyquan Thornton","NE","WR","44.1","8","5.5"
"321","Ameer Abdullah","LV","RB","44.0","13","3.4"
"322","Tutu Atwell","LAR","WR","43.4","8","5.4"
"323","Bailey Zappe","NE","QB","42.7","4","10.7"
"324","David Bell","CLE","WR","42.6","12","3.6"
"325","Jonnu Smith","NE","TE","42.5","10","4.3"
"326","PJ Walker","CAR","QB","42.2","6","7.0"
"327","Gus Edwards","BAL","RB","42.1","5","8.4"
"328","Javonte Williams","DEN","RB","42.0","4","10.5"
"329","Jake Ferguson","DAL","TE","41.9","8","5.2"
"330","Scotty Miller","TB","WR","40.5","10","4.1"
"331","Joshua Kelley","LAC","RB","40.5","8","5.1"
"332","Colby Parkinson","SEA","TE","40.4","10","4.0"
"333","Trenton Irwin","CIN","WR","40.0","6","6.7"
"333","Dustin Hopkins","LAC","K","40.0","5","8.0"
"335","Phillip Dorsett II","HOU","WR","39.8","12","3.3"
"335","A.J. Green","ARI","WR","39.8","10","4.0"
"337","KhaDarel Hodge","ATL","WR","39.7","10","4.0"
"338","Darren Waller","LV","TE","39.5","5","7.9"
"339","Adam Trautman","NO","TE","39.3","9","4.4"
"340","Brock Purdy","SF","QB","38.9","5","7.8"
"341","Shi Smith","CAR","WR","38.5","13","3.0"
"342","Hunter Renfrow","LV","WR","38.2","6","6.4"
"343","Travis Homer","SEA","RB","38.1","10","3.8"
"344","Matt Breida","NYG","RB","38.0","13","2.9"
"345","Marquez Callaway","NO","WR","37.8","9","4.2"
"346","Ashton Dulin","IND","WR","37.5","8","4.7"
"347","Ray-Ray McCloud","SF","WR","37.2","13","2.9"
"348","Brandon Powell","LAR","WR","36.8","13","2.8"
"349","Ian Thomas","CAR","TE","36.6","11","3.3"
"350","Alec Ingold","MIA","RB","36.4","9","4.0"
"351","Josh Oliver","BAL","TE","36.0","8","4.5"
"352","Johnny Mundt","MIN","TE","34.7","11","3.2"
"353","Skyy Moore","KC","WR","34.4","13","2.7"
"354","Justice Hill","BAL","RB","34.4","11","3.1"
"354","Sterling Shepard","NYG","WR","34.4","3","11.5"
"354","Zach Pascal","PHI","WR","34.4","12","2.9"
"357","Boston Scott","PHI","RB","34.2","11","3.1"
"358","Sammy Watkins","GB","WR","33.6","7","4.8"
"359","Raheem Blackshear","CAR","RB","33.5","9","3.7"
"360","Colt McCoy","ARI","QB","33.4","3","11.1"
"361","Brock Wright","DET","TE","33.1","10","3.3"
"362","O.J. Howard","HOU","TE","32.9","10","3.3"
"362","Cameron Brate","TB","TE","32.9","8","4.1"
"364","Teddy Bridgewater","MIA","QB","32.0","4","8.0"
"365","Dyami Brown","WAS","WR","31.3","7","4.5"
"366","Dare Ogunbowale","HOU","RB","31.2","11","2.8"
"367","Tommy Tremble","CAR","TE","31.1","11","2.8"
"368","Ty Johnson","NYJ","RB","30.9","9","3.4"
"369","John Bates","WAS","TE","30.8","9","3.4"
"370","Craig Reynolds","DET","RB","30.8","7","4.4"
"371","Peyton Hendershot","DAL","TE","30.5","10","3.1"
"372","Jody Fortson","KC","TE","29.8","9","3.3"
"373","River Cracraft","MIA","WR","29.7","7","4.2"
"374","MyCole Pruitt","ATL","TE","29.7","6","5.0"
"375","Mike Boone","DEN","RB","28.8","8","3.6"
"376","Sam Darnold","CAR","QB","28.7","2","14.4"
"376","C.J. Uzomah","NYJ","TE","28.7","11","2.6"
"378","Durham Smythe","MIA","TE","28.6","9","3.2"
"379","Eric Saubert","DEN","TE","28.3","11","2.6"
"380","Denzel Mims","NYJ","WR","27.3","7","3.9"
"381","Khalil Shakir","BUF","WR","26.8","8","3.4"
"382","Kadarius Toney","Multi","WR","26.5","5","5.3"
"383","Zach Gentry","PIT","TE","26.4","11","2.4"
"384","Elijah Mitchell","SF","RB","26.1","4","6.5"
"385","Kyren Williams","LAR","RB","26.1","5","5.2"
"386","K.J. Hamler","DEN","WR","25.8","7","3.7"
"387","Connor Heyward","PIT","TE","25.6","11","2.3"
"387","Brandon Bolden","LV","RB","25.6","8","3.2"
"389","Sony Michel","LAC","RB","24.9","10","2.5"
"390","Malik Davis","DAL","RB","24.3","4","6.1"
"391","Pharaoh Brown","Multi","TE","23.7","9","2.6"
"392","Deshaun Watson","CLE","QB","23.6","2","11.8"
"393","Cedrick Wilson Jr.","MIA","WR","23.3","10","2.3"
"394","Jalen Reagor","MIN","WR","23.2","13","1.8"
"394","Tanner Hudson","NYG","TE","23.2","6","3.9"
"394","Tyler Huntley","BAL","QB","23.2","2","11.6"
"397","Austin Seibert","DET","K","23.0","3","7.7"
"398","Tom Kennedy","DET","WR","22.1","7","3.2"
"399","Tevin Coleman","SF","RB","22.0","2","11.0"
"400","Jack Stoll","PHI","TE","21.7","9","2.4"
"401","Josiah Deguara","GB","TE","21.6","7","3.1"
"402","David Sills V","NYG","WR","21.6","7","3.1"
"403","Breshad Perriman","TB","WR","21.4","7","3.1"
"404","Avery Williams","ATL","RB","21.3","12","1.8"
"405","Darrel Williams","ARI","RB","21.1","5","4.2"
"406","Ko Kieft","TB","TE","21.0","11","1.9"
"406","Amari Rodgers","Multi","WR","21.0","11","1.9"
"408","Gary Brightwell","NYG","RB","20.9","11","1.9"
"409","DeeJay Dallas","SEA","RB","20.6","12","1.7"
"410","DeSean Jackson","BAL","WR","20.4","4","5.1"
"411","N'Keal Harry","CHI","WR","20.3","4","5.1"
"412","Matt Ammendola","Multi","K","20.0","4","5.0"
"412","Patrick Ricard","BAL","RB","20.0","12","1.7"
"412","Geoff Swaim","TEN","TE","20.0","9","2.2"
"415","Zack Moss","Multi","RB","19.9","9","2.2"
"415","Kyle Allen","HOU","QB","19.9","3","6.6"
"417","Dan Arnold","JAC","TE","19.8","9","2.2"
"418","Marlon Mack","Multi","RB","19.8","5","4.0"
"419","Ross Dwelley","SF","TE","19.5","5","3.9"
"419","Chris Myarick","NYG","TE","19.5","10","2.0"
"421","Trey McBride","ARI","TE","19.4","8","2.4"
"422","Samori Toure","GB","WR","19.2","4","4.8"
"423","Rodrigo Blankenship","Multi","K","19.0","3","6.3"
"424","Michael Bandy","LAC","WR","18.9","8","2.4"
"425","Anthony Schwartz","CLE","WR","18.8","7","2.7"
"426","Benny Snell Jr.","PIT","RB","18.7","7","2.7"
"426","Reggie Gilliam","BUF","RB","18.7","5","3.7"
"428","Zander Horvath","LAC","RB","18.6","8","2.3"
"429","John Wolford","LAR","QB","17.8","2","8.9"
"429","Steven Sims Jr.","PIT","WR","17.8","8","2.2"
"431","Brevin Jordan","HOU","TE","17.8","6","3.0"
"432","Bryce Perkins","LAR","QB","17.7","4","4.4"
"433","Pierre Strong Jr.","NE","RB","17.5","7","2.5"
"434","Byron Pringle","CHI","WR","16.7","6","2.8"
"435","Lawrence Cager","Multi","WR","15.9","5","3.2"
"436","James Mitchell","DET","TE","15.8","4","4.0"
"437","Dax Milne","WAS","WR","15.7","11","1.4"
"438","Keelan Cole Sr.","LV","WR","15.6","9","1.7"
"439","Keaontay Ingram","ARI","RB","15.6","8","2.0"
"440","Jordan Mason","SF","RB","15.3","8","1.9"
"441","Tre' McKitty","LAC","TE","15.2","10","1.5"
"442","Mitchell Wilcox","CIN","TE","15.0","7","2.1"
"442","Taylor Bertolet","LAC","K","15.0","3","5.0"
"444","Phillip Lindsay","IND","RB","14.8","3","4.9"
"445","Parker Hesse","ATL","TE","14.5","9","1.6"
"445","Sam Ehlinger","IND","QB","14.5","2","7.3"
"447","Cam Sims","WAS","WR","14.3","10","1.4"
"448","Anthony Firkser","ATL","TE","13.9","5","2.8"
"449","Dee Eskridge","SEA","WR","13.8","9","1.5"
"450","Giovanni Ricci","CAR","TE","13.8","9","1.5"
"451","Armani Rogers","WAS","TE","13.8","8","1.7"
"452","C.J. Ham","MIN","RB","13.6","8","1.7"
"452","Derek Watt","PIT","RB","13.6","8","1.7"
"454","Trey Lance","SF","QB","13.5","3","4.5"
"454","Jalen Virgil","DEN","WR","13.5","4","3.4"
"456","James Proche II","BAL","WR","13.2","8","1.7"
"457","Grant Calcaterra","PHI","TE","13.1","5","2.6"
"458","Marcedes Lewis","GB","TE","13.0","4","3.3"
"459","Chris Evans","CIN","RB","12.8","9","1.4"
"460","Brett Rypien","DEN","QB","12.5","2","6.3"
"461","Marcus Johnson","NYG","WR","12.3","5","2.5"
"461","Shane Zylstra","DET","TE","12.3","5","2.5"
"461","Tyrod Taylor","NYG","QB","12.3","3","4.1"
"464","Velus Jones Jr.","CHI","WR","12.2","7","1.7"
"465","Quintin Morris","BUF","TE","12.0","6","2.0"
"466","Jamison Crowder","BUF","WR","12.0","4","3.0"
"466","Albert Okwuegbunam","DEN","TE","12.0","4","3.0"
"468","Kyle Philips","TEN","WR","11.8","4","3.0"
"469","Trent Taylor","CIN","WR","11.7","13","0.9"
"470","Jordan Love","GB","QB","11.4","3","3.8"
"471","Malcolm Brown","LAR","RB","11.4","4","2.9"
"472","Teagan Quitoriano","HOU","TE","11.2","4","2.8"
"472","Trevor Siemian","CHI","QB","11.2","2","5.6"
"474","Jameson Williams","DET","WR","11.1","2","5.6"
"475","Jeff Driskel","HOU","QB","10.6","3","3.5"
"476","Jake Kumerow","BUF","WR","10.4","5","2.1"
"477","Tony Jones Jr.","Multi","RB","10.4","3","3.5"
"478","Ty Montgomery","NE","RB","10.3","1","10.3"
"479","Chris Manhertz","JAC","TE","10.2","8","1.3"
"480","Brandon Johnson","DEN","WR","10.2","3","3.4"
"481","Tristan Vizcaino","Multi","K","10.0","2","5.0"
"481","Ronnie Rivers","LAR","RB","10.0","2","5.0"
"481","Caleb Shudak","TEN","K","10.0","1","10.0"
"484","Gunner Olszewski","PIT","WR","9.9","12","0.8"
"485","Darrynton Evans","CHI","RB","9.8","2","4.9"
"486","Eric Tomlinson","DEN","TE","9.8","7","1.4"
"487","Jeff Smith","NYJ","WR","9.7","6","1.6"
"488","Myles Gaskin","MIA","RB","9.4","2","4.7"
"488","Kevin White","NO","WR","9.4","6","1.6"
"490","Kenny Golladay","NYG","WR","9.1","5","1.8"
"491","Kevin Harris","NE","RB","9.0","3","3.0"
"492","Mike Strachan","IND","WR","8.9","4","2.2"
"493","Andrew Beck","DEN","TE","8.8","6","1.5"
"494","Jordan Wilkins","IND","RB","8.6","2","4.3"
"495","Jalen Guyton","LAC","WR","8.4","2","4.2"
"495","Cody Hollister","TEN","WR","8.4","6","1.4"
"495","Malik Willis","TEN","QB","8.4","5","1.7"
"495","Isaiah Spiller","LAC","RB","8.4","5","1.7"
"499","Donald Parham Jr.","LAC","TE","8.3","2","4.2"
"500","Andre Baccellia","ARI","WR","8.2","3","2.7"
"501","Trayveon Williams","CIN","RB","8.0","5","1.6"
"502","Hassan Haskins","TEN","RB","7.9","10","0.8"
"503","Mike Thomas","CIN","WR","7.8","5","1.6"
"504","Jonathan Williams","WAS","RB","7.7","6","1.3"
"505","Kene Nwangwu","MIN","RB","7.6","11","0.7"
"506","Spencer Brown","CAR","RB","7.3","2","3.7"
"507","Nick Sciba","PIT","K","7.0","1","7.0"
"508","Stephen Sullivan","CAR","TE","6.6","5","1.3"
"508","Tyler Davis","GB","TE","6.6","7","0.9"
"508","Trevon Wesco","CHI","TE","6.6","5","1.3"
"511","Skylar Thompson","MIA","QB","6.5","5","1.3"
"512","Zamir White","LV","RB","6.2","9","0.7"
"512","Trestan Ebner","CHI","RB","6.2","8","0.8"
"514","Brycen Hopkins","LAR","TE","6.1","4","1.5"
"515","Anthony McFarland Jr.","PIT","RB","6.1","1","6.1"
"516","Dominik Eberle","DET","K","6.0","1","6.0"
"516","Tim Jones","JAC","WR","6.0","6","1.0"
"518","Tyler Kroft","SF","TE","5.9","4","1.5"
"519","Luke Farrell","JAC","TE","5.9","3","2.0"
"520","Cole Beasley","TB","WR","5.7","2","2.9"
"520","Stone Smartt","LAC","TE","5.7","3","1.9"
"522","Ben Ellefson","MIN","TE","5.6","2","2.8"
"523","Kendall Blanton","LAR","TE","5.5","2","2.8"
"523","Dwayne Washington","NO","RB","5.5","7","0.8"
"525","Simi Fehoko","DAL","WR","5.4","3","1.8"
"525","Ryan Griffin","CHI","TE","5.4","7","0.8"
"527","D'Ernest Johnson","CLE","RB","5.4","7","0.8"
"528","Montrell Washington","DEN","WR","5.2","13","0.4"
"529","Nick Vannett","Multi","TE","5.2","4","1.3"
"530","Tylan Wallace","BAL","WR","5.1","5","1.0"
"531","Corey Clement","ARI","RB","4.9","3","1.6"
"531","Jesper Horsted","LV","TE","4.9","5","1.0"
"533","Jaelon Darden","TB","WR","4.8","12","0.4"
"534","Tyrie Cleveland","DEN","WR","4.8","5","1.0"
"534","Jalen Nailor","MIN","WR","4.8","5","1.0"
"536","Jakob Johnson","LV","RB","4.7","9","0.5"
"537","Trace McSorley","ARI","QB","4.5","2","2.3"
"537","Bryan Edwards","ATL","WR","4.5","4","1.1"
"539","Ronald Jones II","KC","RB","4.4","1","4.4"
"539","Dezmon Patmon","IND","WR","4.4","1","4.4"
"541","Cole Turner","WAS","TE","4.3","6","0.7"
"542","Mike Davis","BAL","RB","4.2","5","0.8"
"543","Ke'Shawn Vaughn","TB","RB","4.2","5","0.8"
"544","Julius Chestnut","TEN","RB","4.1","2","2.1"
"544","Michael Woods II","CLE","WR","4.1","4","1.0"
"544","Andy Isabella","ARI","WR","4.1","2","2.1"
"547","Kyle Rudolph","TB","TE","4.0","4","1.0"
"547","Lil'Jordan Humphrey","NE","WR","4.0","4","1.0"
"549","Stephen Anderson","ARI","TE","3.9","8","0.5"
"550","Keith Kirkwood","NO","WR","3.8","2","1.9"
"550","Michael Burton","KC","RB","3.8","10","0.4"
"552","Chris Conley","Multi","WR","3.7","3","1.2"
"553","Tyrion Davis-Price","SF","RB","3.7","2","1.9"
"554","Dennis Houston","DAL","WR","3.6","2","1.8"
"555","Quintez Cephus","DET","WR","3.5","3","1.2"
"556","Austin Trammell","LAR","WR","3.3","2","1.7"
"557","Jalen Tolbert","DAL","WR","3.2","3","1.1"
"558","Sean McKeon","DAL","TE","3.1","3","1.0"
"559","Josh Lambo","TEN","K","3.0","1","3.0"
"560","Jarrett Stidham","LV","QB","2.9","1","2.9"
"561","J.J. Taylor","NE","RB","2.7","1","2.7"
"561","Juwann Winfree","GB","WR","2.7","3","0.9"
"563","Mason Schreck","HOU","TE","2.6","2","1.3"
"563","DJ Turner","LV","WR","2.6","6","0.4"
"565","Penny Hart","SEA","WR","2.5","1","2.5"
"566","Miles Boykin","PIT","WR","2.1","7","0.3"
"566","Nick Mullens","MIN","QB","2.1","2","1.1"
"568","Danny Gray","SF","WR","2.0","4","0.5"
"568","Keith Smith","ATL","RB","2.0","7","0.3"
"570","Damarea Crockett","DEN","RB","1.9","1","1.9"
"570","Trey Sermon","PHI","RB","1.9","1","1.9"
"572","Tyron Johnson","Multi","WR","1.8","2","0.9"
"573","Drew Sample","CIN","TE","1.8","2","0.9"
"574","Snoop Conner","JAC","RB","1.7","2","0.9"
"575","Tommy Sweeney","BUF","TE","1.7","2","0.9"
"575","Jalen Camp","HOU","WR","1.7","1","1.7"
"575","Braylon Sanders","MIA","WR","1.7","1","1.7"
"575","Maxx Williams","ARI","TE","1.7","1","1.7"
"575","David Johnson","NO","RB","1.7","1","1.7"
"575","Maurice Alexander","DET","WR","1.7","3","0.6"
"581","C.J. Board","TEN","WR","1.6","4","0.4"
"581","KaVontae Turpin","DAL","WR","1.6","13","0.1"
"581","Jacob Harris","LAR","TE","1.6","3","0.5"
"584","Jason Moore Jr.","LAC","WR","1.5","1","1.5"
"584","Brian Hoyer","NE","QB","1.5","1","1.5"
"584","Devine Ozigbo","DEN","RB","1.5","2","0.8"
"587","Salvon Ahmed","MIA","RB","1.4","4","0.4"
"588","Adam Prentice","NO","RB","1.4","3","0.5"
"588","Richard Rodgers","LAC","TE","1.4","3","0.5"
"588","Jacob Eason","CAR","QB","1.4","1","1.4"
"591","Mason Kinsey","TEN","WR","1.3","1","1.3"
"592","Deonte Harty","NO","WR","1.3","4","0.3"
"593","Cody White","PIT","WR","1.2","1","1.2"
"594","Laquon Treadwell","SEA","WR","1.1","1","1.1"
"594","Gardner Minshew II","PHI","QB","1.1","3","0.4"
"596","Keke Coutee","IND","WR","1.0","6","0.2"
"597","Demetric Felton Jr.","CLE","RB","0.9","5","0.2"
"598","Brandon Allen","CIN","QB","0.8","1","0.8"
"599","Josh Johnson","SF","QB","0.7","1","0.7"
"599","Kylin Hill","GB","RB","0.7","1","0.7"
"601","Patrick Taylor Jr.","GB","RB","0.6","4","0.2"
"602","Ihmir Smith-Marsette","Multi","WR","0.4","4","0.1"
"602","Duke Johnson Jr.","BUF","RB","0.4","1","0.4"
"604","Case Keenum","BUF","QB","0.3","2","0.2"
"605","Jerome Ford","CLE","RB","0.3","9","0.0"
"606","Damien Williams","ATL","RB","0.2","1","0.2"
"607","Anthony Brown","BAL","QB","0.1","1","0.1"
"607","Jordan Howard","NO","RB","0.1","1","0.1"
"607","C.J. Beathard","JAC","QB","0.1","2","0.1"
"610","Brittain Brown","LV","RB","0.0","1","0.0"
"610","Stanley Berryhill III","DET","WR","0.0","1","0.0"
"610","Matt Barkley","BUF","QB","0.0","1","0.0"
"610","Justin Hardee","NYJ","WR","0.0","10","0.0"
"610","Noah Togiai","PHI","TE","0.0","1","0.0"
"610","Andre Roberts","CAR","WR","0.0","1","0.0"
"610","Britain Covey","PHI","WR","0.0","13","0.0"
"610","Tyree Jackson","PHI","TE","0.0","1","0.0"
"610","Quinton Bell","ATL","WR","0.0","3","0.0"
"610","Stanley Morgan Jr.","CIN","WR","0.0","8","0.0"
"610","Ben Mason","BAL","RB","0.0","1","0.0"
"610","Jashaun Corbin","NYG","RB","0.0","1","0.0"
"610","Royce Freeman","HOU","RB","0.0","1","0.0"
"610","Lance McCutcheon","LAR","WR","0.0","2","0.0"
"610","Racey McMath","TEN","WR","0.0","1","0.0"
"610","James Washington","DAL","WR","0.0","1","0.0"
"610","John Brown","BUF","WR","0.0","1","0.0"
"610","Godwin Igwebuike","SEA","RB","0.0","1","0.0"
"610","Matt Corral","CAR","QB","0.0","2","0.0"
"610","Taiwan Jones","BUF","RB","0.0","4","0.0"
"610","Bryant Koback","MIN","RB","0.0","1","0.0"
"610","Trenton Cannon","TEN","RB","0.0","1","0.0"
"610","Alex Bachman","HOU","WR","0.0","1","0.0"
"610","Jermar Jefferson","DET","RB","0.0","1","0.0"
"610","Alex Erickson","WAS","WR","0.0","2","0.0"
"610","Pharoh Cooper","ARI","WR","0.0","2","0.0"
"610","Chris Pierce Jr.","ARI","TE","0.0","1","0.0"
"610","Nick Boyle","BAL","TE","0.0","2","0.0"
"610","Qadree Ollison","DAL","RB","0.0","2","0.0"
"610","Rico Dowdle","DAL","RB","0.0","2","0.0"
"610","Giovani Bernard","TB","RB","0.0","1","0.0"
"610","Jonathan Ward","ARI","RB","0.0","1","0.0"
"610","Trinity Benson","DET","WR","0.0","1","0.0"
"610","John Lovett","FA","RB","0.0","1","0.0"
"610","Marken Michel","WAS","WR","0.0","1","0.0"
"610","Quinn Nordin","NE","K","0.0","3","0.0"
"610","Kenjon Barner","FA","RB","0.0","1","0.0"
"610","Jake Funk","LAR","RB","0.0","1","0.0"
"610","J.P. Holtz","NO","TE","0.0","1","0.0"
"610","Devin Asiasi","CIN","TE","0.0","4","0.0"
"610","Logan Woodside","ATL","QB","0.0","1","0.0"
"610","Charlie Woerner","SF","TE","0.0","5","0.0"
"610","Matthew Slater","NE","WR","0.0","5","0.0"
"610","Malik Turner","SF","WR","0.0","2","0.0"
"610","Justyn Ross","KC","WR","0.0","2","0.0"
"610","Beau Brinkley","ATL","TE","0.0","2","0.0"
"610","Feleipe Franks","ATL","QB","0.0","4","0.0"
"610","Marcus Kemp","KC","WR","0.0","2","0.0"
"610","Cullen Gillaspia","SEA","RB","0.0","4","0.0"
"610","James Winchester","KC","TE","0.0","2","0.0"
"610","Ty Chandler","MIN","RB","0.0","1","0.0"
"610","Kevin Rader","TEN","TE","0.0","5","0.0"
"610","Tanner Gentry","BUF","WR","0.0","1","0.0"
"610","Dan Chisena","MIN","WR","0.0","2","0.0"
"610","Tanner Conner","MIA","WR","0.0","2","0.0"
"610","Jared Pinkney","LAR","TE","0.0","2","0.0"
"610","Cody Thompson","SEA","WR","0.0","1","0.0"
"610","Deven Thompkins","TB","WR","0.0","1","0.0"
"610","Dareke Young","SEA","WR","0.0","3","0.0"
"610","Brandin Bryant","BUF","RB","0.0","2","0.0"
"610","Sandro Platzgummer","NYG","RB","0.0","1","0.0"
"610","Larry Rountree III","LAC","RB","0.0","1","0.0"
"610","Kenny Yeboah","NYJ","TE","0.0","2","0.0"
"610","Jeremy Ruckert","NYJ","TE","0.0","1","0.0"
"610","Josh Gordon","TEN","WR","0.0","1","0.0"
"610","Chase Daniel","LAC","QB","0.0","1","0.0"
"610","Ramiz Ahmed","GB","K","0.0","1","0.0"
"610","Raleigh Webb","Multi","WR","0.0","2","0.0"
"610","Binjimen Victor","BAL","WR","0.0","1","0.0"
"610","Brandon Zylstra","DET","WR","0.0","1","0.0"
"610","Rashard Higgins","CAR","WR","0.0","1","0.0"
"610","Albert Wilson","LV","WR","0.0","3","0.0"
"610","Khari Blasingame","CHI","RB","0.0","3","0.0"
"610","Hunter Long","MIA","TE","0.0","3","0.0"
"610","Miller Forristall","CLE","TE","0.0","1","0.0"
"610","La'Mical Perine","MIA","RB","0.0","1","0.0"
"610","Austin Allen","FA","TE","0.0","2","0.0"
"610","Jake Tonges","CHI","TE","0.0","1","0.0"
"688","Nate Sudfeld","DET","QB","-0.1","1","-0.1"
"689","Chad Henne","KC","QB","-0.3","2","-0.2"
"690","Chester Rogers","CLE","WR","-2.0","3","-0.7"
""
""